T1_change,T2_change,T3_change,T4_change,t
0.09649904072284698,0.08111069351434708,0.11803869158029556,0.10633759945631027,0
-0.03985513746738434,0.021456144750118256,-0.040297724306583405,0.008189685642719269,1
0.003961555659770966,0.007813945412635803,0.00017605721950531006,-0.00026741623878479004,2
-0.03211797773838043,0.028144076466560364,-0.020191602408885956,0.016090303659439087,3
0.03607116639614105,-0.015119001269340515,0.009132526814937592,-0.027630716562271118,4
0.0025379955768585205,0.006213203072547913,-0.007561046630144119,0.00702541321516037,5
0.011707879602909088,-0.008426949381828308,0.005345609039068222,-0.0027268454432487488,6
0.0013920143246650696,-0.002526693046092987,0.001745954155921936,0.004452250897884369,7
0.007571302354335785,-0.011071398854255676,0.010700725018978119,-0.002287954092025757,8
-0.0008855909109115601,-0.00017212331295013428,0.0006561428308486938,0.0019772201776504517,9
-0.004573315382003784,-0.002562873065471649,-0.002215065062046051,-0.0042987242341041565,10
0.005441755056381226,-0.007139995694160461,0.009957417845726013,-0.0030037909746170044,11
-0.0014298632740974426,-0.0022643208503723145,0.0017564594745635986,-0.002447664737701416,12
-0.007672928273677826,0.002575919032096863,-0.007361419498920441,-0.0031900256872177124,13
-0.004070870578289032,0.000789932906627655,-0.0034061074256896973,0.0010828003287315369,14
-0.0018289685249328613,0.0032184571027755737,-0.002683497965335846,0.0036328136920928955,15
-0.0016298219561576843,-0.0004689320921897888,9.588152170181274e-05,0.0006227269768714905,16
-0.00363873690366745,0.0009679868817329407,-0.0020659491419792175,0.00199098140001297,17
-0.0014902576804161072,0.0052303746342659,-0.006595611572265625,0.004025183618068695,18
-0.003168918192386627,0.0023160427808761597,0.002839706838130951,0.007147803902626038,19
-0.0065803006291389465,0.002670586109161377,2.8774142265319824e-05,0.003345012664794922,20
0.008237063884735107,0.004914134740829468,-0.0021565407514572144,0.0055930763483047485,21
0.007099047303199768,0.0007264912128448486,0.0030448883771896362,0.0024118423461914062,22
0.008260980248451233,-0.005126200616359711,0.015151634812355042,-0.003547675907611847,23
0.008268095552921295,-0.0060677602887153625,0.014078035950660706,-0.006744556128978729,24
0.007896579802036285,0.0016202032566070557,0.011909030377864838,1.7091631889343262e-05,25
0.006588488817214966,-0.006034821271896362,0.00952690839767456,-0.008089840412139893,26
0.004328690469264984,0.00539030134677887,0.0007438510656356812,0.0034241080284118652,27
0.007345162332057953,-0.003534093499183655,0.002068139612674713,-0.00826294720172882,28
0.0008255839347839355,-0.005536861717700958,0.004089906811714172,-0.00939951092004776,29
-0.0013729408383369446,0.005645908415317535,-0.0030827224254608154,-0.0008181408047676086,30
-0.013088062405586243,0.001037009060382843,-0.0026747211813926697,-0.011638633906841278,31
-0.005917251110076904,0.017042234539985657,-0.008517540991306305,0.016981124877929688,32
-0.004534423351287842,0.001834876835346222,-0.00475427508354187,-0.00038576871156692505,33
-0.00045733898878097534,0.010079294443130493,-0.009509511291980743,0.0136442631483078,34
-3.3989548683166504e-05,0.00877787172794342,-0.009701937437057495,0.010335125029087067,35
0.01669909805059433,-0.011310383677482605,0.004937976598739624,0.0011029094457626343,36
0.005116976797580719,-0.018050633370876312,0.016029268503189087,-0.0171063095331192,37
0.0009710416197776794,0.0013484954833984375,-0.006822541356086731,0.011290401220321655,38
0.011013530194759369,-0.02205090969800949,0.01330520212650299,-0.0157926008105278,39
-0.004809476435184479,-0.010766252875328064,0.0034838691353797913,-0.012612491846084595,40
-0.01349496841430664,0.0018097907304763794,-0.00429844856262207,-0.0018033385276794434,41
-0.03877365589141846,0.01756611466407776,-0.020942509174346924,0.003526628017425537,42
0.029058776795864105,-0.023962169885635376,-0.008062884211540222,-0.0072731077671051025,43
0.006464794278144836,-0.025050751864910126,0.02100934088230133,-0.023952730000019073,44
-0.029632151126861572,0.015723995864391327,-0.015263020992279053,0.0028606727719306946,45
-0.0012761503458023071,-0.013447679579257965,-0.007903337478637695,-0.020830195397138596,46
-0.012521252036094666,0.014689967036247253,-0.021397050470113754,0.013153672218322754,47
-0.0006443783640861511,-0.004587426781654358,0.011007960885763168,-0.0016129538416862488,48
0.021860361099243164,-0.010787717998027802,-0.0030532553791999817,-0.0023315809667110443,49
-0.012703925371170044,0.004247501492500305,0.005720645189285278,-0.012864693999290466,50
-0.00021307915449142456,0.005535036325454712,-0.00503656268119812,0.012944970279932022,51
0.010055944323539734,-0.011458884924650192,0.005572699010372162,-0.004484947770833969,52
-0.004147879779338837,0.007590722292661667,-0.008527010679244995,-0.008392911404371262,53
-0.008058488368988037,0.002280786633491516,0.007015131413936615,0.0219157375395298,54
0.004681669175624847,0.012582637369632721,-0.01385333389043808,0.01425730437040329,55
0.006891027092933655,-0.011116757988929749,0.009333238005638123,-0.01712106168270111,56
-0.016533013433218002,0.007078699767589569,0.003552377223968506,0.009081877768039703,57
-0.00745590403676033,0.014370828866958618,-0.01083134114742279,0.018194228410720825,58
0.01583392173051834,-0.0011530518531799316,-0.01206238567829132,0.00031076371669769287,59
-0.010036811232566833,0.002402558922767639,0.01546400785446167,-0.002798110246658325,60
-0.0007577314972877502,0.008793063461780548,0.001166701316833496,0.01885407418012619,61
0.0066141486167907715,0.0019489377737045288,-0.005867481231689453,0.0002680867910385132,62
0.006469652056694031,0.002950318157672882,0.008860021829605103,0.0008376911282539368,63
-0.002662092447280884,-0.004154421389102936,0.015081711113452911,-0.0064084455370903015,64
0.0057749152183532715,0.0049385130405426025,-0.013714499771595001,0.006123065948486328,65
0.003966882824897766,-0.004811815917491913,0.004544451832771301,-0.009325720369815826,66
0.007998235523700714,-0.0059320926666259766,0.020385131239891052,-0.001355499029159546,67
-0.0009942874312400818,0.004733644425868988,-0.012198373675346375,0.0011777803301811218,68
0.0054184868931770325,-0.008313663303852081,0.012251034379005432,-0.006561659276485443,69
-0.0008692964911460876,-0.0013685822486877441,-0.009535633027553558,-0.007605448365211487,70
0.0006319507956504822,-0.0011889711022377014,0.02283179759979248,0.0015002712607383728,71
-0.0020370855927467346,0.004607848823070526,-0.009139381349086761,0.008147843182086945,72
-0.0112433061003685,0.0024451836943626404,-0.027518950402736664,-0.012278206646442413,73
0.003751203417778015,-0.0025646910071372986,0.010466232895851135,0.0020265504717826843,74
0.003769397735595703,-0.004196636378765106,0.00577361136674881,-0.0019834712147712708,75
0.0030638277530670166,0.006687715649604797,0.0022900253534317017,0.010945737361907959,76
-0.01074615865945816,0.01716228574514389,-0.015505172312259674,0.009202487766742706,77
-0.0017552301287651062,0.0033926069736480713,0.0017407611012458801,0.005088105797767639,78
0.01530446857213974,-0.014618150889873505,0.014719665050506592,-0.005804054439067841,79
-0.004868656396865845,-0.00049620121717453,-0.005607202649116516,-0.006458006799221039,80
-0.008679382503032684,0.005247145891189575,-0.0021987706422805786,-0.0015829652547836304,81
-0.0020516440272331238,0.000394970178604126,-0.009695038199424744,0.010116249322891235,82
0.013732053339481354,-0.012632764875888824,0.014223918318748474,-0.005739472806453705,83
0.0060151368379592896,-0.016910597681999207,0.005856156349182129,-0.017971858382225037,84
-0.010205134749412537,0.0037302151322364807,-0.0031385868787765503,-0.00522506982088089,85
-0.0016567856073379517,0.012451454997062683,-0.008359022438526154,0.02353683114051819,86
0.007942013442516327,-0.021140210330486298,0.01255808025598526,-0.025305069983005524,87
-0.0016445666551589966,0.0004382804036140442,-0.006136097013950348,0.0009490326046943665,88
-0.006227701902389526,0.005143158137798309,0.0018939748406410217,0.001240171492099762,89
-0.012149512767791748,0.0052829161286354065,-0.017787404358386993,-0.0012903735041618347,90
4.14922833442688e-05,-0.006162337958812714,-0.002287544310092926,-0.001723460853099823,91
0.004186861217021942,-0.00628400593996048,0.012516558170318604,-0.0041184499859809875,92
0.0025575459003448486,0.004133760929107666,-0.007018685340881348,0.010047763586044312,93
0.0031288787722587585,-0.008978806436061859,0.009739212691783905,-0.016111843287944794,94
-0.006091102957725525,0.005803786218166351,-0.006614066660404205,0.00657527893781662,95
-0.0006517022848129272,-0.002751678228378296,-0.007028065621852875,-0.008424624800682068,96
0.0029023662209510803,-0.008040323853492737,0.007535770535469055,-0.0012000054121017456,97
-0.004530720412731171,0.010813407599925995,-0.0032278895378112793,0.01193816214799881,98
0.0048264265060424805,-0.006243199110031128,-0.007124446332454681,-0.011718809604644775,99
-0.004268869757652283,0.014276601374149323,0.00948360562324524,0.026479460299015045,100
0.00741017609834671,-0.014424342662096024,-0.007402211427688599,-0.02811933308839798,101
-0.0006608590483665466,-0.0037579014897346497,0.006253048777580261,0.00204482302069664,102
-0.0033610090613365173,0.0009021647274494171,0.014982074499130249,0.005860034376382828,103
-0.00150395929813385,0.012608490884304047,-0.03332584351301193,0.004515565931797028,104
-0.0011372491717338562,0.002051800489425659,0.02303706854581833,0.008576348423957825,105
0.00027638673782348633,0.006376810371875763,-0.01906796544790268,0.002487190067768097,106
0.00453602522611618,-0.012250863015651703,0.021710269153118134,-0.01147594302892685,107
-0.004147537052631378,0.011025071144104004,-0.020260579884052277,0.011538639664649963,108
-0.002579204738140106,0.008492037653923035,0.006352514028549194,0.0049552321434021,109
0.012354552745819092,-0.02670559659600258,0.020594611763954163,-0.01147405058145523,110
-0.008125625550746918,0.013623256236314774,-0.01932494342327118,-0.00390712171792984,111
-0.0012001991271972656,0.0118231400847435,0.0038916990160942078,0.022522948682308197,112
0.0006133392453193665,-0.006947323679924011,-0.008159682154655457,-0.016951248049736023,113
0.002688385546207428,-0.0012474879622459412,0.010341174900531769,0.005864568054676056,114
-0.003918372094631195,0.006489425897598267,-0.0016672462224960327,0.00380118191242218,115
0.0036590099334716797,-0.005901537835597992,0.0037256553769111633,-0.0025982484221458435,116
-0.006143003702163696,0.0028453171253204346,-0.01585441827774048,-0.0057936906814575195,117
0.009647063910961151,-0.00299178808927536,0.02631101757287979,0.012464694678783417,118
-0.001491941511631012,0.008471176028251648,-0.007380589842796326,0.0026537925004959106,119
-0.009042009711265564,0.00965648889541626,-0.017519459128379822,-0.0046669840812683105,120
0.0022450387477874756,-0.003370538353919983,0.004598535597324371,0.003866523504257202,121
0.003908500075340271,-0.0014115795493125916,0.007016956806182861,0.0040955618023872375,122
-0.0019727274775505066,0.008519865572452545,-0.005515344440937042,0.008200131356716156,123
0.012709230184555054,-0.012988761067390442,0.01607523113489151,-0.005895718932151794,124
-0.016296304762363434,0.011836327612400055,-0.015600524842739105,-0.007913462817668915,125
0.004913210868835449,-0.0003108978271484375,0.004312992095947266,0.013242676854133606,126
-0.007090449333190918,-0.003973148763179779,-0.009589307010173798,-0.010818921029567719,127
0.004488557577133179,-0.002490408718585968,0.007991664111614227,0.004042543470859528,128
-0.0010693147778511047,-0.0069160982966423035,-0.0009400323033332825,-0.012514658272266388,129
-0.011008135974407196,0.014336511492729187,-0.010632708668708801,0.017014458775520325,130
0.02105116844177246,-0.015865296125411987,0.01738913357257843,-0.005419805645942688,131
-0.0013739243149757385,-0.0017485320568084717,0.0012067407369613647,-0.008850619196891785,132
-0.012945130467414856,0.014478571712970734,-0.0093492791056633,0.005795098841190338,133
0.00540643185377121,-0.01877882331609726,0.0010941550135612488,-0.015312246978282928,134
-0.012863986194133759,0.00932718813419342,-0.0075064003467559814,0.003399774432182312,135
0.009837336838245392,-0.0016565322875976562,0.002406202256679535,0.011405736207962036,136
0.0018377751111984253,-0.013138443231582642,0.006952658295631409,-0.022341758012771606,137
0.0032616257667541504,-0.00019416958093643188,0.0009988844394683838,0.00562923401594162,138
-0.007023446261882782,0.0010358244180679321,-0.009100854396820068,-0.005299761891365051,139
0.01060611754655838,-0.0029798075556755066,0.00883539766073227,0.01052730530500412,140
0.002582564949989319,-0.00486677885055542,0.006915383040904999,-0.012294352054595947,141
-0.006884381175041199,0.0008459687232971191,-0.006463460624217987,-0.004970848560333252,142
-0.0022599026560783386,0.0062437281012535095,-0.003327503800392151,0.01064930111169815,143
0.0009278729557991028,-0.002128027379512787,-0.002680465579032898,-0.0021964237093925476,144
0.003091059625148773,-0.001994013786315918,0.011216506361961365,0.0013451576232910156,145
-0.00039067864418029785,0.005546286702156067,-0.008745476603507996,0.004059836268424988,146
0.008950866758823395,-0.008922122418880463,0.015263676643371582,-0.002656795084476471,147
-0.006077036261558533,0.005472622811794281,-0.008596673607826233,-0.006950579583644867,148
-0.0037339329719543457,0.006483197212219238,-0.004406332969665527,0.01037520170211792,149
0.007311515510082245,-0.01463238149881363,0.003488585352897644,-0.012972690165042877,150
-0.0011783763766288757,-0.0009340792894363403,0.007145196199417114,-0.0025063306093215942,151
-0.0036830827593803406,0.001195468008518219,-0.008930720388889313,-0.00084657222032547,152
-0.0032465606927871704,0.010007396340370178,0.0012519732117652893,0.015763908624649048,153
0.0029912516474723816,-0.0005008131265640259,-0.005197502672672272,-0.0014389902353286743,154
-0.00016795843839645386,-0.004590660333633423,0.005429908633232117,-0.010290011763572693,155
0.0025690197944641113,-0.001431979238986969,0.005536340177059174,0.007899977266788483,156
-0.0009677186608314514,0.006812423467636108,-0.014661625027656555,0.0034806430339813232,157
-0.00010533630847930908,-0.002622082829475403,0.009886443614959717,-0.010461896657943726,158
-0.0020506829023361206,-0.0002443939447402954,-0.002162046730518341,0.0070712268352508545,159
0.004159808158874512,-0.0023226067423820496,0.007706180214881897,0.003652907907962799,160
-0.004770711064338684,0.010386735200881958,-0.006072111427783966,0.0026539862155914307,161
-0.0017388015985488892,0.008700095117092133,-0.01895567774772644,0.005317084491252899,162
-0.0006137490272521973,-0.0005194097757339478,0.005851492285728455,6.923079490661621e-05,163
0.008835174143314362,-0.011390753090381622,0.028001800179481506,-5.000084638595581e-05,164
-0.005410864949226379,0.008460327982902527,-0.022388681769371033,-5.976855754852295e-05,165
0.00403190404176712,-0.009187176823616028,0.014224156737327576,-0.008161157369613647,166
-0.006201043725013733,0.014489732682704926,-0.009096875786781311,0.015378601849079132,167
0.0019158795475959778,0.008536465466022491,-0.0017505288124084473,0.011505328118801117,168
-0.002549566328525543,-0.007142588496208191,-0.007306195795536041,-0.01869913935661316,169
0.009026512503623962,-0.013098612427711487,0.022226154804229736,-0.0035810768604278564,170
-0.007919855415821075,0.014988690614700317,-0.013482891023159027,0.013942226767539978,171
0.0012860596179962158,-0.004855461418628693,0.0010774210095405579,-0.009401105344295502,172
0.002333991229534149,0.005293615162372589,0.0025135427713394165,0.01543385535478592,173
-0.0012445524334907532,-0.0027954652905464172,-0.000822409987449646,-0.014254651963710785,174
-0.0036873221397399902,0.0027210116386413574,-0.0060764700174331665,0.0056312233209609985,175
-0.0024065300822257996,0.002908565104007721,0.0007019340991973877,9.451061487197876e-05,176
-0.003823310136795044,0.0024971887469291687,-0.006992720067501068,0.005963154137134552,177
0.008041024208068848,-0.005512423813343048,0.0075057074427604675,0.0019653066992759705,178
-0.01193944364786148,0.0019746869802474976,-0.004789434373378754,-0.015033558011054993,179
0.02082294225692749,-0.011645384132862091,0.015672817826271057,0.013321049511432648,180
-0.011528655886650085,0.013254620134830475,-0.005277298390865326,-0.010275445878505707,181
-0.00011827051639556885,-0.007635518908500671,-0.006891846656799316,0.0011747479438781738,182
0.0023402050137519836,0.003666892647743225,0.0024888738989830017,0.00667177140712738,183
-0.010960094630718231,0.01638602465391159,-0.006263911724090576,0.00837957113981247,184
-0.002921849489212036,-0.024661794304847717,-0.007262848317623138,-0.029299184679985046,185
0.009016916155815125,0.008379727602005005,0.01209980994462967,0.02254854142665863,186
-0.00102243572473526,-0.009412102401256561,-0.006195440888404846,-0.013636521995067596,187
0.007477030158042908,-0.0007637888193130493,0.012276880443096161,0.0019124597311019897,188
-5.864351987838745e-05,-0.0018984824419021606,0.0011141225695610046,-0.004450112581253052,189
-0.015989601612091064,0.020129330456256866,-0.013958513736724854,0.010290943086147308,190
0.011667080223560333,-0.015352249145507812,0.0015153884887695312,-0.0014937520027160645,191
0.0007789134979248047,-0.0013832002878189087,0.006313145160675049,-0.006296321749687195,192
0.014216504991054535,-0.008802004158496857,0.01738154888153076,-0.00023328512907028198,193
-0.003874070942401886,-0.005237028002738953,-0.007327757775783539,-0.017634276300668716,194
-0.0012954697012901306,0.0005506947636604309,-0.00011086463928222656,0.0025549642741680145,195
-0.0033945217728614807,6.56619668006897e-05,-0.002030767500400543,-0.0028660185635089874,196
0.0014393329620361328,0.003341175615787506,0.0008729398250579834,0.0101710744202137,197
-0.004737518727779388,0.000278569757938385,-0.00872679054737091,-0.008807457983493805,198
-0.002481505274772644,0.009616509079933167,-0.0071634575724601746,0.017933249473571777,199
0.014667719602584839,-0.02090633660554886,0.026966720819473267,-0.018539421260356903,200
-0.006518363952636719,0.012026041746139526,-0.0164218470454216,0.010587558150291443,201
0.004477187991142273,-0.01429077610373497,0.006941318511962891,-0.020722877234220505,202
-0.0021517127752304077,0.0013032592833042145,0.006686955690383911,0.00840802863240242,203
2.6710331439971924e-05,0.006233669817447662,-0.00978688895702362,0.00795697420835495,204
-0.003712072968482971,0.0056208595633506775,-0.0016615241765975952,-0.00034528225660324097,205
0.0011825785040855408,-0.006312660872936249,-0.008861370384693146,-0.010617367923259735,206
-0.0026581287384033203,0.0077447667717933655,0.016102857887744904,0.018652252852916718,207
0.003729306161403656,-0.0071430504322052,-0.00923987478017807,-0.011071041226387024,208
0.001042291522026062,-0.004269171506166458,0.011390551924705505,-0.004190269857645035,209
-0.0028734132647514343,-0.0015935339033603668,-0.015042275190353394,-0.0088961161673069,210
-0.005477838218212128,0.009159207344055176,0.005372896790504456,0.0140133798122406,211
-0.005280919373035431,0.011582404375076294,-0.014009207487106323,0.01076991856098175,212
0.005896411836147308,-0.001927703619003296,0.009711578488349915,0.005664989352226257,213
0.0006512477993965149,0.001586712896823883,-0.0006776973605155945,-0.002812109887599945,214
0.00276966392993927,0.002264350652694702,0.00011173635721206665,0.005818471312522888,215
0.004422485828399658,-0.004979319870471954,0.007339850068092346,-0.00462765246629715,216
-0.0003192499279975891,-0.007441796362400055,0.0007781088352203369,-0.017535902559757233,217
-0.014878123998641968,0.02712344378232956,-0.01784563809633255,0.025083549320697784,218
0.007069408893585205,-0.008640877902507782,0.005948156118392944,0.003605566918849945,219
0.01015152782201767,-0.02162807434797287,0.015165671706199646,-0.022529684007167816,220
-0.007807351648807526,0.013737909495830536,-0.007090024650096893,0.010966368019580841,221
-0.005124524235725403,0.008367270231246948,-0.008412659168243408,0.004346132278442383,222
-0.005578093230724335,0.013018757104873657,-0.005793973803520203,0.015019893646240234,223
0.01598631590604782,-0.025136902928352356,0.0251605361700058,-0.01918548345565796,224
-0.010309703648090363,0.014835342764854431,-0.018220148980617523,0.005507245659828186,225
0.005032472312450409,-0.008674629032611847,0.005053408443927765,-0.0010002776980400085,226
-0.001794189214706421,0.011730492115020752,0.0022644251585006714,0.008895695209503174,227
-0.0014488846063613892,-0.003579467535018921,-0.007139451801776886,-0.005524888634681702,228
-0.0015544742345809937,-0.0006310567259788513,-0.001329578459262848,-0.0005433931946754456,229
-0.0025585591793060303,0.002209112048149109,0.0015132278203964233,0.001188427209854126,230
-0.0014721676707267761,0.0032654404640197754,0.0005072280764579773,0.001987963914871216,231
0.003330044448375702,-0.007692903280258179,0.00044699013233184814,-0.0027877837419509888,232
0.0016567260026931763,0.012018948793411255,0.0012266859412193298,0.014893800020217896,233
-0.009692959487438202,-0.0025997310876846313,-0.007408849895000458,-0.014545753598213196,234
0.02571030706167221,-0.014937080442905426,0.022970981895923615,0.007288508117198944,235
-0.020712129771709442,0.009501010179519653,-0.01753576099872589,-0.018197476863861084,236
0.0054306089878082275,-0.007411234080791473,-0.0004731491208076477,0.005459211766719818,237
-0.0148484967648983,0.009170375764369965,-0.007544822990894318,0.0007713958621025085,238
0.010442491620779037,-0.004928529262542725,0.004031755030155182,0.0067159682512283325,239
0.00470106303691864,-0.011299505829811096,0.009562499821186066,-0.014784038066864014,240
-4.3548643589019775e-05,0.0005101561546325684,-0.006237350404262543,0.0017769336700439453,241
-0.003939032554626465,0.004082582890987396,0.007503777742385864,-0.0020114704966545105,242
0.007314249873161316,-0.00906296819448471,-0.005094543099403381,-0.000281013548374176,243
-0.012882925570011139,0.005267024040222168,-0.0003089979290962219,-0.010606005787849426,244
0.008636564016342163,0.0029249340295791626,-0.005255460739135742,0.022584006190299988,245
0.0061935484409332275,-0.0114608034491539,0.014655143022537231,-0.01919514685869217,246
-0.0002201572060585022,0.0024117454886436462,-0.0006942972540855408,0.0049531832337379456,247
0.00937693566083908,-0.007898151874542236,0.004633009433746338,-0.005456656217575073,248
-0.003470085561275482,0.005164816975593567,0.003506898880004883,0.0014039427042007446,249
0.0027052611112594604,-0.0068679749965667725,-0.00716729462146759,-0.009186387062072754,250
-0.005233213305473328,0.00041648000478744507,0.008379451930522919,-0.003155585378408432,251
-0.00576028972864151,0.011153437197208405,-0.020583376288414,0.01396886631846428,252
0.006240420043468475,-0.006840728223323822,0.01429266482591629,-0.0012247636914253235,253
0.0022143125534057617,-0.00349339097738266,0.004534587264060974,-0.0032637938857078552,254
-0.0010860487818717957,-0.0009379833936691284,-0.008396729826927185,-0.008824598044157028,255
-0.006722413003444672,0.007873527705669403,-0.007524751126766205,0.00769384577870369,256
0.004759281873703003,-0.006948135793209076,0.013019762933254242,0.0003664866089820862,257
-0.0012516900897026062,-0.0006873384118080139,-0.006819993257522583,-0.0036889538168907166,258
-0.002098493278026581,0.004176758229732513,-0.0018527135252952576,0.0019289031624794006,259
-0.0021951720118522644,0.010137312114238739,-0.0017894580960273743,0.018219418823719025,260
0.006988532841205597,-0.013016603887081146,0.008450575172901154,-0.018019355833530426,261
-0.005369007587432861,0.0031266063451766968,-0.01144416630268097,-0.004506424069404602,262
-0.010126210749149323,0.015378475189208984,-0.012006819248199463,0.014420285820960999,263
0.0072181373834609985,-0.007472589612007141,0.021893665194511414,0.008070871233940125,264
-0.0008615553379058838,0.004306510090827942,-0.012727417051792145,-0.0029060840606689453,265
0.0017368793487548828,-0.002754516899585724,0.0033377036452293396,-0.0013387426733970642,266
0.00383961945772171,-0.0007677748799324036,0.007097363471984863,0.005159415304660797,267
5.752593278884888e-05,-0.005429908633232117,0.0038362815976142883,-0.015315473079681396,268
-0.00855555385351181,0.015693552792072296,-0.02114637941122055,0.015822403132915497,269
0.00667300820350647,-0.004542827606201172,0.018200896680355072,0.0035749822854995728,270
-0.0006184801459312439,-0.002300456166267395,-0.005117461085319519,-0.009627178311347961,271
-0.0019668862223625183,0.00332748144865036,-0.00258791446685791,0.0039352551102638245,272
-0.0011208802461624146,0.007966533303260803,-0.003254115581512451,0.012061059474945068,273
0.0021205544471740723,-0.011158652603626251,0.008434265851974487,-0.020131908357143402,274
-0.0033456385135650635,0.014497563242912292,-0.0032637715339660645,0.02351681888103485,275
0.0020365267992019653,-0.0027853697538375854,0.00035562366247177124,-0.005129829049110413,276
-0.0056938305497169495,-0.0018480569124221802,-0.007868453860282898,-0.011066406965255737,277
-0.0022608786821365356,0.0012346655130386353,0.0032328665256500244,0.004919558763504028,278
0.002381347119808197,0.006867349147796631,-0.0031706467270851135,0.017182841897010803,279
-0.00012022256851196289,-0.0030644387006759644,0.0030044540762901306,-0.009698957204818726,280
0.011379845440387726,-0.004052385687828064,0.009293444454669952,0.00653412938117981,281
-0.009279392659664154,0.0047938525676727295,-0.006036356091499329,-0.010271728038787842,282
0.0037138909101486206,-0.005863986909389496,0.001523531973361969,-0.001313038170337677,283
-0.007991805672645569,0.010443933308124542,-0.004364997148513794,0.007607422769069672,284
0.004849925637245178,-0.014208279550075531,-0.0008976534008979797,-0.011553488671779633,285
-0.004031874239444733,-0.000509314239025116,-0.0008930563926696777,-0.002465389668941498,286
0.0006168559193611145,-0.00034280121326446533,-2.4549663066864014e-05,0.0016177594661712646,287
0.0054965540766716,0.002495385706424713,0.006846770644187927,0.0065445974469184875,288
0.0030959099531173706,-0.004246644675731659,0.0019673407077789307,-0.005891822278499603,289
0.002192653715610504,-0.011744938790798187,0.004841066896915436,-0.018529437482357025,290
-0.020450185984373093,0.020521089434623718,-0.022215604782104492,0.015933871269226074,291
0.011308278888463974,-0.010047964751720428,0.008101209998130798,0.0003606751561164856,292
0.0008733347058296204,0.0006292983889579773,0.005620144307613373,-0.0004163309931755066,293
0.008101969957351685,-0.009694971144199371,0.005187705159187317,-0.007656015455722809,294
-0.0008395463228225708,-0.0035474374890327454,-0.0026944205164909363,-0.007037796080112457,295
-0.01105429232120514,0.01676192879676819,-0.009125947952270508,0.012942671775817871,296
0.004659086465835571,-0.008703656494617462,0.006135828793048859,-0.00452684611082077,297
0.00949571281671524,-0.009419307112693787,0.0018546432256698608,-0.0029673129320144653,298
0.005262896418571472,-0.004015706479549408,0.016176335513591766,-0.0036627724766731262,299
0.0015162751078605652,0.0033037513494491577,-0.0031115561723709106,0.003670215606689453,300
-0.007530562579631805,0.001963108777999878,-0.007428810000419617,-0.010591402649879456,301
0.004574939608573914,-0.005133837461471558,0.00460457056760788,0.003465607762336731,302
-0.003057040274143219,-0.0020563825964927673,-0.002896606922149658,-0.007165517657995224,303
-0.0048525407910346985,0.0071571096777915955,-0.006814636290073395,0.00604107603430748,304
7.798522710800171e-05,0.0026586949825286865,0.004066392779350281,0.010684609413146973,305
0.003478720784187317,-0.004743270576000214,-0.00144243985414505,-0.010290823876857758,306
-0.0008898079395294189,-0.004358343780040741,0.005629062652587891,-0.004260040819644928,307
-0.002232074737548828,0.010683462023735046,-0.014101967215538025,0.013616681098937988,308
0.004309304058551788,-0.009445033967494965,0.0237375870347023,-0.0045503005385398865,309
-0.0056525468826293945,0.01245523989200592,-0.03855351358652115,-0.003311529755592346,310
0.008120454847812653,-0.014343984425067902,0.04308278113603592,0.004763893783092499,311
-0.009683631360530853,0.015861794352531433,-0.03544318675994873,-0.0021535009145736694,312
-0.00010024756193161011,0.002026692032814026,0.014614008367061615,0.01150946319103241,313
0.004309661686420441,-0.0047540441155433655,-0.0014974847435951233,-0.0016159042716026306,314
0.0023148804903030396,-0.001744285225868225,0.008568361401557922,-0.0009253770112991333,315
-0.0038429424166679382,0.00517553836107254,-0.012987799942493439,-0.004089660942554474,316
0.0004472583532333374,-0.002698279917240143,0.005970969796180725,0.0010325983166694641,317
-0.0024443119764328003,0.0017251968383789062,-0.006046123802661896,-0.0007444918155670166,318
0.0009472519159317017,0.002020701766014099,-5.560368299484253e-05,0.010993465781211853,319
0.0006634742021560669,0.004191458225250244,0.010558530688285828,9.864568710327148e-06,320
-0.0035506710410118103,-0.00016016513109207153,-0.015021421015262604,-0.0035490915179252625,321
0.0031425654888153076,-0.0010290145874023438,0.011744461953639984,0.0015078336000442505,322
0.002068839967250824,0.001982182264328003,0.004217207431793213,0.008852392435073853,323
-0.002837367355823517,0.0092853382229805,-0.013499431312084198,0.0017142519354820251,324
-0.0016925632953643799,-0.01079045981168747,0.00614745169878006,-0.02154584974050522,325
0.003920696675777435,0.0011692941188812256,0.0006565451622009277,0.020009800791740417,326
0.001284085214138031,-0.005749441683292389,0.005897887051105499,-0.014168940484523773,327
-0.016915060579776764,0.027247965335845947,-0.02276340126991272,0.02087080478668213,328
0.009095028042793274,-0.017840787768363953,0.010685496032238007,-0.011605784296989441,329
-4.023313522338867e-07,0.004991024732589722,0.002037353813648224,0.00770193338394165,330
0.005604468286037445,-0.01007019728422165,0.007903121411800385,-0.011555053293704987,331
-0.00010088086128234863,0.0046004801988601685,-0.0013571307063102722,0.006701678037643433,332
-0.01586771011352539,0.007620915770530701,-0.01858903467655182,-0.005930989980697632,333
0.019638031721115112,-0.0003451108932495117,0.018663808703422546,0.025390729308128357,334
-0.015604496002197266,-0.012804560363292694,-0.011818110942840576,-0.04237211495637894,335
0.00018793344497680664,0.007513105869293213,0.0036078765988349915,0.018022865056991577,336
-0.005032762885093689,0.01036439836025238,-0.01203446090221405,0.01658490300178528,337
0.018574252724647522,-0.012886419892311096,0.02174501121044159,-0.0069969892501831055,338
-0.010857462882995605,0.005487896502017975,-0.011074699461460114,-0.007237441837787628,339
0.006987832486629486,-0.007910482585430145,0.004778079688549042,-0.0008543357253074646,340
-0.002817004919052124,-0.013591952621936798,0.0006170645356178284,-0.02320992574095726,341
-0.01131775975227356,0.018796131014823914,-0.00800294429063797,0.02038176730275154,342
0.012412354350090027,-0.003011249005794525,0.00021727383136749268,0.011170826852321625,343
0.002583123743534088,-0.011410057544708252,0.016735844314098358,-0.022951334714889526,344
-0.0033046305179595947,0.006670139729976654,-0.0105065256357193,0.00804995745420456,345
0.013640016317367554,-0.008112922310829163,0.012413717806339264,0.001862451434135437,346
-0.009732894599437714,0.003503568470478058,-0.009739264845848083,-0.011553861200809479,347
0.007136024534702301,-0.009912751615047455,0.010141700506210327,-0.004272140562534332,348
-0.0056189000606536865,-0.00041779130697250366,-0.004360176622867584,-0.005343861877918243,349
0.0010343044996261597,0.00421307235956192,-0.004886411130428314,0.010478116571903229,350
0.0036106184124946594,-0.0007583498954772949,0.008607178926467896,0.0018917471170425415,351
5.823373794555664e-05,-0.0011444538831710815,-0.004222683608531952,-0.005041792988777161,352
0.0005190670490264893,0.0006197616457939148,0.0008786171674728394,0.0010738745331764221,353
-0.0012451708316802979,-0.0027006864547729492,5.491822957992554e-05,-0.004449144005775452,354
0.005564488470554352,-0.006903965026140213,0.004786916077136993,-0.00022709369659423828,355
-0.007456041872501373,0.006369698792695999,-0.006192930042743683,-0.003973633050918579,356
-0.0021878033876419067,0.0026433169841766357,0.0015973448753356934,0.008392438292503357,357
0.0012475326657295227,-0.005411431193351746,-0.004230931401252747,-0.008765056729316711,358
-0.003384023904800415,0.01677246391773224,-0.014571063220500946,0.026065096259117126,359
0.00843774527311325,-0.01505637913942337,0.02440393716096878,-0.016942016780376434,360
-0.0027760565280914307,0.002703234553337097,-0.00011746585369110107,0.0010291039943695068,361
-0.006572142243385315,0.01186726987361908,-0.02107866108417511,0.00493188202381134,362
0.003804132342338562,-0.00565115362405777,0.016397900879383087,-0.00024499744176864624,363
-0.00010553747415542603,5.602836608886719e-06,-0.008723661303520203,0.0016543567180633545,364
0.0010962337255477905,-0.003465496003627777,0.0068713948130607605,-0.009371615946292877,365
-0.0018697157502174377,0.007152721285820007,0.0002264156937599182,0.018708527088165283,366
-1.8693506717681885e-05,0.0024579614400863647,-0.011661447584629059,-0.009146898984909058,367
0.0013182535767555237,-0.004429027438163757,0.003865577280521393,-0.0011205226182937622,368
0.002888016402721405,-0.0035241618752479553,0.014484837651252747,-0.0002613142132759094,369
-0.006435982882976532,0.010637722909450531,-0.012947343289852142,0.0062110647559165955,370
-0.00015245378017425537,-0.005561083555221558,0.0009965300559997559,-0.01108156144618988,371
-0.006627626717090607,0.01593390852212906,-0.0132346972823143,0.021689705550670624,372
0.008356273174285889,-0.009054571390151978,0.015386134386062622,-0.0022968649864196777,373
-0.008089050650596619,0.006497249007225037,-0.01722521334886551,-0.007217317819595337,374
0.0041115134954452515,-0.003185860812664032,0.013301432132720947,0.008304335176944733,375
0.00344984233379364,0.001689627766609192,0.002106383442878723,0.006707623600959778,376
0.002628341317176819,-0.006540350615978241,0.0049141645431518555,-0.013539545238018036,377
-0.007732056081295013,0.011155948042869568,-0.01188565045595169,0.009106218814849854,378
0.003361932933330536,-0.0007450655102729797,0.008097663521766663,0.001515798270702362,379
-0.002092607319355011,-0.0016167759895324707,-0.0022153928875923157,-0.007036283612251282,380
0.0068806931376457214,-0.008208349347114563,0.004205562174320221,0.004710301756858826,381
-0.01982654631137848,0.01887531578540802,-0.016370698809623718,-0.0054133981466293335,382
0.01740594208240509,-0.01039210706949234,0.012913577258586884,0.017665334045886993,383
-0.0019146054983139038,0.0023974552750587463,-0.0012608766555786133,-0.010557703673839569,384
0.0005643367767333984,-0.00018947571516036987,0.00713028758764267,-0.0028889551758766174,385
-0.0054412782192230225,-0.009237132966518402,-0.008495576679706573,-0.015316344797611237,386
-0.00957489013671875,0.011043071746826172,-0.013523414731025696,0.01565796136856079,387
0.008524730801582336,-0.006609387695789337,0.011878326535224915,-0.0004734024405479431,388
0.007426247000694275,-0.0011636316776275635,0.0022945255041122437,0.003241404891014099,389
0.0025992095470428467,-0.011223994195461273,0.004549741744995117,-0.017486892640590668,390
-0.005093127489089966,-0.00013682246208190918,-0.0001929551362991333,-0.0063788145780563354,391
-0.005775004625320435,0.010581180453300476,-0.006231158971786499,0.012534871697425842,392
-0.012884203344583511,0.0035526975989341736,-0.013216085731983185,-0.0038696452975273132,393
0.01896883174777031,-0.016092918813228607,0.01398690789937973,0.0024198219180107117,394
-0.012493051588535309,0.01429653912782669,-0.00855591893196106,0.0004244968295097351,395
0.01770484447479248,-0.010697372257709503,0.014514975249767303,0.007340721786022186,396
0.0025209039449691772,-0.006538793444633484,0.004290521144866943,-0.018490850925445557,397
0.0013500750064849854,0.00257197767496109,0.003534562885761261,0.007694996893405914,398
0.0022363662719726562,-0.002077445387840271,-0.0008239299058914185,-0.0057704150676727295,399
-0.0009523108601570129,-0.005843400955200195,-0.0021701231598854065,-0.008977562189102173,400
0.0019739270210266113,-0.0039548128843307495,0.002990350127220154,-0.0009886659681797028,401
-0.00024168938398361206,-0.0043793171644210815,0.003918170928955078,-0.006241615861654282,402
-0.006651178002357483,0.007634080946445465,-0.009658895432949066,0.005076698958873749,403
-0.0026591718196868896,-0.0005051717162132263,-0.004297621548175812,-0.0004973933100700378,404
0.002601340413093567,0.0020860880613327026,0.008553802967071533,0.010846614837646484,405
-0.003537885844707489,0.01031012088060379,-0.012664064764976501,0.005909942090511322,406
0.006421856582164764,-0.0125574991106987,0.006933674216270447,-0.015567965805530548,407
-7.8640878200531e-05,-0.00597584992647171,0.01612096279859543,-0.0016086921095848083,408
-0.006696589291095734,0.015363253653049469,-0.031096525490283966,0.009641982614994049,409
0.005610555410385132,-0.007590204477310181,0.018888473510742188,-0.0014484822750091553,410
-0.00507645308971405,0.00511547178030014,-0.00916745513677597,-0.001828216016292572,411
0.0010966584086418152,0.00210406631231308,8.448958396911621e-05,0.008211933076381683,412
0.0029557645320892334,-0.003005504608154297,0.007267698645591736,0.0020038336515426636,413
-0.0013050287961959839,0.0024523138999938965,-0.004627510905265808,-0.005642294883728027,414
-0.0017710700631141663,-0.000546671450138092,0.002010352909564972,-0.0017898008227348328,415
0.0017163008451461792,0.00014220178127288818,0.0003767833113670349,0.009193554520606995,416
-0.0022099241614341736,0.009101949632167816,-0.007573120296001434,0.004870958626270294,417
-0.0002850741147994995,-0.004033423960208893,0.003196127712726593,-0.013144470751285553,418
-0.0011237189173698425,-0.00017873942852020264,0.000147208571434021,0.0076193660497665405,419
-0.002071775496006012,0.007369488477706909,-0.006158158183097839,0.0084744393825531,420
0.0004370585083961487,0.0023759081959724426,0.0072389692068099976,0.0015200302004814148,421
0.0010537579655647278,-0.005727514624595642,-0.006012730300426483,-0.006091594696044922,422
0.004296831786632538,-7.792562246322632e-05,0.011108927428722382,0.006150655448436737,423
-0.005328811705112457,0.012811459600925446,-0.005267642438411713,0.007265858352184296,424
0.006349682807922363,-0.0127488374710083,0.007149823009967804,-0.012514576315879822,425
-0.01898929849267006,0.022947385907173157,-0.027057375758886337,0.011814579367637634,426
0.01803506538271904,-0.0172770693898201,0.029498081654310226,-0.001302771270275116,427
0.0028846487402915955,-0.0070801228284835815,-0.0022150352597236633,-0.007926315069198608,428
-0.012488193809986115,0.015281185507774353,-0.015549123287200928,0.0027116239070892334,429
-0.0010037049651145935,-0.00638958066701889,0.0007138475775718689,-0.006440676748752594,430
0.006517186760902405,0.0028292685747146606,0.010410286486148834,0.017967939376831055,431
-0.002066180109977722,-0.005583442747592926,-0.006463639438152313,-0.016319595277309418,432
-0.00891605019569397,0.0064651817083358765,-0.007959961891174316,0.004425421357154846,433
0.006809763610363007,0.005383260548114777,0.009779311716556549,0.015159793198108673,434
-0.00037288665771484375,-0.008868128061294556,-0.005138784646987915,-0.014237985014915466,435
-0.00021679699420928955,0.004633508622646332,0.00828985869884491,0.0017683878540992737,436
-0.004747122526168823,-0.0016450285911560059,-0.014115005731582642,0.0012231171131134033,437
0.002586834132671356,-0.0022386088967323303,0.008846834301948547,-0.0034423992037773132,438
0.008584626019001007,-0.0017592310905456543,0.006084039807319641,0.006032586097717285,439
-0.005748935043811798,-0.0005375370383262634,-0.0036713555455207825,-0.011042974889278412,440
0.0014131739735603333,-0.004742659628391266,-0.0006220117211341858,-0.004097841680049896,441
0.0048566460609436035,-0.0034543275833129883,0.007777847349643707,0.0024174749851226807,442
-0.004563085734844208,0.0011642202734947205,-0.008795447647571564,-0.007251359522342682,443
0.00968148559331894,-0.006057962775230408,0.010254189372062683,0.005107477307319641,444
-0.0036881715059280396,0.0029283761978149414,-0.00045794248580932617,-0.005494669079780579,445
-0.00207316130399704,0.00535321980714798,-0.008376635611057281,0.006955258548259735,446
0.013542503118515015,-0.02091044932603836,0.022138305008411407,-0.01593685895204544,447
-0.010306619107723236,0.003577791154384613,-0.016943402588367462,-0.00911397859454155,448
0.0012891590595245361,0.009779408574104309,0.005645886063575745,0.023459408432245255,449
0.003599986433982849,-0.006433546543121338,-0.007376417517662048,-0.01100069284439087,450
0.0022598952054977417,-0.006949953734874725,0.01159367710351944,-0.006257571280002594,451
-0.0065736547112464905,0.018009990453720093,-0.010629124939441681,0.018695637583732605,452
0.000924527645111084,-0.012557819485664368,0.003472544252872467,-0.017601415514945984,453
0.003468230366706848,-0.003336668014526367,0.0035730451345443726,0.004043951630592346,454
-0.004338748753070831,0.007556132972240448,-0.004402376711368561,0.006151340901851654,455
0.002406872808933258,-0.005856111645698547,0.0022857114672660828,-0.006829395890235901,456
-0.0016447678208351135,-0.00031960755586624146,-0.0016108304262161255,-0.003505907952785492,457
-0.0008634030818939209,0.00010057538747787476,-0.00021400302648544312,0.0047867074608802795,458
-0.0014329776167869568,0.008378811180591583,-0.006320051848888397,0.008277498185634613,459
-0.0036631450057029724,0.0037744715809822083,-0.002760358154773712,-0.00469430536031723,460
0.004366979002952576,-0.0074713751673698425,0.01453012228012085,0.003060556948184967,461
-0.001281239092350006,-0.00141143798828125,-0.012153998017311096,-0.00958453118801117,462
-0.0026289895176887512,0.006114453077316284,0.004066936671733856,0.009124204516410828,463
0.0012187287211418152,0.0037763193249702454,-0.010992862284183502,0.008782722055912018,464
0.004672214388847351,-0.004828013479709625,0.01652621477842331,-0.005244605243206024,465
-0.005716279149055481,0.009411953389644623,-0.010705776512622833,0.0025200173258781433,466
0.0038054734468460083,-0.0068907663226127625,0.0035473033785820007,-0.002450026571750641,467
-0.0037989169359207153,0.007366098463535309,-9.964406490325928e-05,0.0025301948189735413,468
-0.0028693154454231262,0.002180330455303192,-0.00798499584197998,0.003628663718700409,469
0.0002484843134880066,0.004998683929443359,0.002973131835460663,0.007124170660972595,470
0.0007828027009963989,-0.00940268486738205,-0.007497705519199371,-0.010944478213787079,471
0.006388358771800995,0.0007494166493415833,0.019936487078666687,0.012641750276088715,472
0.0003942549228668213,9.551644325256348e-05,-0.001096569001674652,-0.006306484341621399,473
-0.00818510353565216,0.010358251631259918,-0.013542182743549347,0.004525534808635712,474
0.0017156079411506653,0.0008712410926818848,0.00888882577419281,-0.0006680786609649658,475
-0.0035945475101470947,0.003471486270427704,-0.006288155913352966,0.0039003416895866394,476
0.005782365798950195,-0.011314481496810913,0.0001949891448020935,-0.002669915556907654,477
-0.005010880529880524,0.002078413963317871,-0.00034830719232559204,-0.008556589484214783,478
-0.002861708402633667,0.012938074767589569,0.005033738911151886,0.013751126825809479,479
0.004721008241176605,-0.01150127500295639,-0.007894337177276611,-0.0007797256112098694,480
-0.0014707669615745544,0.003541804850101471,0.0028754696249961853,-0.0036652758717536926,481
-0.0074384137988090515,0.0068321675062179565,-0.0028793513774871826,0.0001647472381591797,482
0.01754477620124817,-0.014132320880889893,0.013424821197986603,0.006487786769866943,483
-0.016302064061164856,0.0022117197513580322,-0.012905217707157135,-0.02837611734867096,484
-0.007598660886287689,0.014631107449531555,-0.01154734194278717,0.03043481707572937,485
0.010128505527973175,-0.012373998761177063,0.00860816240310669,-0.007199317216873169,486
-0.00013417750597000122,-0.005572646856307983,0.005453862249851227,-0.013793513178825378,487
0.01072714477777481,0.0012138336896896362,0.009499885141849518,0.01529383659362793,488
-0.0002499818801879883,-0.00510590523481369,-0.004078999161720276,-0.016328416764736176,489
-0.003966338932514191,-0.005365625023841858,-0.001983053982257843,-0.009983137249946594,490
-0.0023497119545936584,0.00481945276260376,-0.0008385181427001953,0.00815601646900177,491
0.0067374929785728455,0.00034189969301223755,0.007491946220397949,0.007273353636264801,492
0.009024560451507568,-0.010866522789001465,0.005153089761734009,-0.011098995804786682,493
-0.012652158737182617,0.007792286574840546,-0.013373218476772308,-0.005511157214641571,494
-0.002036847174167633,0.002762831747531891,-0.0018509924411773682,0.007615767419338226,495
0.004202358424663544,-0.006933808326721191,0.008771069347858429,-0.004414990544319153,496
0.005169399082660675,-0.007097423076629639,0.0072155967354774475,-0.0015732645988464355,497
0.0011494234204292297,0.007749386131763458,-0.005998693406581879,0.007510058581829071,498
0.0006171092391014099,-0.004457369446754456,0.0014391914010047913,-0.008837446570396423,499
0.005403503775596619,-0.0083402618765831,0.005078345537185669,-0.0043882206082344055,500
-0.004295960068702698,0.003846563398838043,-0.007968217134475708,-0.00377703458070755,501
-0.0031165331602096558,0.0010442361235618591,0.009141325950622559,0.005877964198589325,502
-0.0042947158217430115,0.013044357299804688,-0.009207859635353088,0.017438620328903198,503
0.00551210343837738,-0.014798648655414581,-0.0039769187569618225,-0.025957521051168442,504
-0.0028014779090881348,0.004987932741641998,0.002602212131023407,0.011679407209157944,505
0.00012546777725219727,-0.0011557787656784058,0.006048627197742462,0.003526255488395691,506
-0.0008919835090637207,-0.001920454204082489,-0.006765112280845642,-0.014422468841075897,507
-0.00309550017118454,0.00314243882894516,0.0013609305024147034,0.01400766521692276,508
-0.0037482231855392456,0.012865819036960602,-0.011288821697235107,0.009474612772464752,509
0.004988864064216614,-0.0032867565751075745,0.00512714684009552,-0.0010569915175437927,510
0.0023880526423454285,0.000467739999294281,0.0042238980531692505,0.0059785619378089905,511
0.00422254204750061,-0.0069044530391693115,0.00680939108133316,-0.011942848563194275,512
-0.008864782750606537,0.011640302836894989,-0.01982548087835312,0.0016729608178138733,513
0.0033778175711631775,-0.005620308220386505,0.020959794521331787,0.0035020485520362854,514
-0.0010436996817588806,0.004707157611846924,-0.007878221571445465,0.0074994564056396484,515
-0.000909663736820221,-0.0009762048721313477,0.0016180053353309631,-0.006791234016418457,516
-0.0023879259824752808,0.006804287433624268,-0.011986397206783295,0.008609071373939514,517
0.004511773586273193,-0.006980329751968384,0.008973270654678345,-0.005436763167381287,518
-0.002460367977619171,0.0004778951406478882,0.004014857113361359,-0.005208194255828857,519
0.0020712539553642273,-0.0015745535492897034,0.0035840123891830444,0.007875166833400726,520
-0.009791985154151917,0.007898323237895966,-0.02457110583782196,-0.004973016679286957,521
0.013919323682785034,-0.006035208702087402,0.02825123816728592,0.011981487274169922,522
-0.011304669082164764,0.011805467307567596,-0.015178881585597992,-0.006546057760715485,523
-0.00233517587184906,0.0027495622634887695,-0.0022163093090057373,0.004487171769142151,524
-0.014864645898342133,0.013454034924507141,-0.01938372477889061,0.013270080089569092,525
0.028020717203617096,-0.022706151008605957,0.03478574380278587,-0.002664342522621155,526
-0.005235791206359863,-0.003936924040317535,-0.011195667088031769,-0.02104867249727249,527
-0.0024212300777435303,0.0023912563920021057,0.0004693269729614258,0.00735890120267868,528
-0.001517467200756073,0.00726628303527832,-0.0014781281352043152,0.006724193692207336,529
-0.005287297070026398,-0.00241272896528244,-0.0029931217432022095,-0.008921630680561066,530
0.00412682443857193,-0.004086874425411224,0.008212551474571228,-0.0002043023705482483,531
-0.007554046809673309,0.01033484935760498,-0.016241170465946198,0.010183125734329224,532
0.017118163406848907,-0.007326528429985046,0.021711722016334534,0.005660653114318848,533
-0.010360002517700195,-0.0005284920334815979,-0.012523934245109558,-0.019076727330684662,534
0.0026152804493904114,-0.00556616485118866,0.004242628812789917,-0.0013606995344161987,535
-0.0027433857321739197,-0.0030702725052833557,-0.0023819878697395325,-0.004458300769329071,536
-0.012128613889217377,0.010129943490028381,-0.011271923780441284,0.005557253956794739,537
0.016944020986557007,-0.008537210524082184,0.015382222831249237,0.008367635309696198,538
0.0015602856874465942,-0.010145291686058044,-0.0012714862823486328,-0.020657747983932495,539
-0.006087981164455414,0.008893609046936035,-0.003352724015712738,0.00882042944431305,540
0.006293602287769318,-0.004069775342941284,0.004168890416622162,-1.5914440155029297e-05,541
0.005408167839050293,-0.0024529173970222473,0.012280628085136414,6.388872861862183e-05,542
-0.004740945994853973,0.0015579313039779663,-0.01356823742389679,-0.005642950534820557,543
-0.0009020641446113586,-0.00017702579498291016,0.0033586323261260986,-0.002462327480316162,544
0.0024797841906547546,-0.010753944516181946,0.001019217073917389,-0.007405206561088562,545
0.0056581273674964905,0.0005442947149276733,0.010871686041355133,0.011139541864395142,546
-0.0033364668488502502,0.00611472874879837,-0.01572546362876892,-0.005241952836513519,547
0.006577439606189728,-0.01464913785457611,0.016403362154960632,-0.011307403445243835,548
-0.006283305585384369,0.00969221442937851,-0.0062431469559669495,0.010421015322208405,549
-0.0038477927446365356,0.0038230493664741516,-0.01563141494989395,-0.0038346275687217712,550
0.0047746822237968445,-0.012177549302577972,0.02397599071264267,-0.0055288150906562805,551
-0.0071434080600738525,0.0143284872174263,-0.019809052348136902,0.016732029616832733,552
0.0027235373854637146,-0.007679380476474762,0.0004959031939506531,-0.01800650730729103,553
-0.0034951791167259216,0.00880604237318039,0.008075475692749023,0.02245691791176796,554
0.0015854984521865845,0.003359586000442505,-0.01687319576740265,-0.0011906027793884277,555
0.006433933973312378,-0.00722755491733551,0.020476579666137695,-0.004007741808891296,556
-0.0025796741247177124,0.0024000853300094604,0.0012388378381729126,0.0011069625616073608,557
0.0022277161478996277,-0.005257323384284973,-0.010822556912899017,-0.011161163449287415,558
-0.0022293701767921448,0.00648130476474762,0.0029485300183296204,0.009725257754325867,559
-0.003960765898227692,0.006230637431144714,-0.005861513316631317,0.002048000693321228,560
-0.00027824193239212036,-0.0001732558012008667,-0.0040465593338012695,-7.173418998718262e-05,561
0.002849012613296509,-0.000879235565662384,0.011928580701351166,0.0075453296303749084,562
-0.007849685847759247,0.018272772431373596,-0.013159222900867462,0.012112006545066833,563
0.0073955729603767395,-0.014455698430538177,0.01084989309310913,-0.012754879891872406,564
-0.0024006515741348267,-0.0016879811882972717,-0.007317312061786652,-0.005107901990413666,565
0.0034777000546455383,-0.0032652243971824646,0.012214772403240204,0.0033790990710258484,566
-0.004520967602729797,0.01463674008846283,-0.008252821862697601,0.015629738569259644,567
0.0032285675406455994,-0.01252187043428421,0.005960553884506226,-0.02177055925130844,568
-0.00652950257062912,0.009501747786998749,-0.01049388200044632,0.01103142648935318,569
-0.00484120100736618,0.0026786252856254578,-0.007529258728027344,0.0008652433753013611,570
0.0027042850852012634,0.006113849580287933,0.0031091272830963135,0.015570931136608124,571
0.009617254137992859,-0.01517234742641449,0.014127537608146667,-0.01408250629901886,572
-0.00578569620847702,0.005971245467662811,-0.004685647785663605,-0.002311788499355316,573
-0.0029563605785369873,0.008755803108215332,-0.0038307011127471924,0.01002475619316101,574
-0.0006682947278022766,-0.007212311029434204,-0.0029825568199157715,-0.005979910492897034,575
0.00016438215970993042,-0.003635510802268982,0.0014377757906913757,-0.004755795001983643,576
0.0011214986443519592,0.006050668656826019,0.0027898848056793213,0.008716128766536713,577
-0.0024169981479644775,0.00026532262563705444,0.00018478929996490479,-0.004049517214298248,578
-0.004364803433418274,0.005730845034122467,-0.0097581148147583,0.007713772356510162,579
0.009298861026763916,-0.006652951240539551,0.008908964693546295,-0.0005445629358291626,580
0.0076317861676216125,-0.012986309826374054,0.012709908187389374,-0.017402060329914093,581
-0.014239795506000519,0.004756465554237366,-0.020118527114391327,-0.0030962079763412476,582
9.955465793609619e-05,7.843226194381714e-05,0.012220315635204315,-0.0011508539319038391,583
-0.0034018829464912415,0.005756385624408722,-0.01591739058494568,0.013018377125263214,584
0.0032160505652427673,-0.00018005073070526123,0.005859397351741791,0.0024791359901428223,585
0.001557081937789917,-0.014250628650188446,0.005931980907917023,-0.024338625371456146,586
0.00010159611701965332,0.013527989387512207,-0.007330261170864105,0.02574560046195984,587
0.019002236425876617,-0.019190065562725067,0.021587170660495758,-0.01182236522436142,588
-0.012457743287086487,0.010059565305709839,-0.006422549486160278,-0.010606318712234497,589
0.006066635251045227,-0.009142331779003143,0.0007119923830032349,0.0014014467597007751,590
-0.0007594078779220581,0.0036339834332466125,-0.00458555668592453,0.002986826002597809,591
0.0026418492197990417,-0.001559130847454071,0.004306711256504059,-0.0010440722107887268,592
0.008454367518424988,-0.006055176258087158,0.01500336080789566,0.000991910696029663,593
-0.012003451585769653,0.006028331816196442,-0.017447680234909058,-0.013018228113651276,594
-0.0003497079014778137,-0.004982002079486847,0.0013953298330307007,0.0023189857602119446,595
0.0029006004333496094,-2.3446977138519287e-05,-0.0004314035177230835,0.0052277520298957825,596
-0.0002076476812362671,-0.007362350821495056,0.007884182035923004,-0.011600703001022339,597
-0.004239022731781006,0.01030365377664566,-0.011496834456920624,0.015516526997089386,598
0.0028663575649261475,-0.0037326812744140625,-0.004077114164829254,-0.010246410965919495,599
-0.0013296008110046387,3.4168362617492676e-05,0.011738061904907227,0.005823299288749695,600
-0.0013363510370254517,0.006551891565322876,-0.004555195569992065,0.009667709469795227,601
0.005207240581512451,-0.010459303855895996,-0.002238169312477112,-0.018240448087453842,602
-0.0008599013090133667,-0.0020633116364479065,0.012620538473129272,0.0061707086861133575,603
-0.00412779301404953,0.007851183414459229,-0.011589288711547852,0.0003447532653808594,604
-0.0031186863780021667,0.015364132821559906,-0.01629352569580078,0.016992084681987762,605
0.0020922645926475525,-0.006569802761077881,0.012692958116531372,-0.010364547371864319,606
0.002956472337245941,-0.0062511637806892395,0.007275864481925964,0.0015116110444068909,607
-0.004370398819446564,0.009411804378032684,-0.010294735431671143,0.0062819793820381165,608
0.006965108215808868,-0.015375114977359772,0.016168832778930664,-0.013487078249454498,609
-0.01397503912448883,0.020404018461704254,-0.0306568443775177,0.00978706032037735,610
0.0075857192277908325,-0.007661484181880951,0.0231761634349823,0.006665505468845367,611
0.0007564350962638855,0.007334493100643158,-0.0019538849592208862,0.008052922785282135,612
-0.00490175187587738,0.0033072009682655334,-0.01251782476902008,-0.008570410311222076,613
0.005499385297298431,-0.012579374015331268,0.01134277880191803,-0.00816289335489273,614
-0.00010979175567626953,-0.0008302405476570129,0.009237848222255707,0.0009301081299781799,615
-0.005295716226100922,0.014970153570175171,-0.01790134608745575,0.019070535898208618,616
-0.001481279730796814,0.005545169115066528,-0.005739837884902954,-0.0024590641260147095,617
0.007037542760372162,-0.008993864059448242,0.013120554387569427,-0.0033323466777801514,618
-0.0014908984303474426,0.0022489503026008606,0.002975940704345703,0.0001224800944328308,619
-0.007900059223175049,0.007672525942325592,-0.012554161250591278,0.0023648664355278015,620
0.00263146311044693,-0.0028301849961280823,0.002194903790950775,0.004633627831935883,621
0.0008247941732406616,-0.002369336783885956,0.007475167512893677,-0.006129525601863861,622
0.0011176466941833496,-0.0094633549451828,5.5067241191864014e-05,-0.011059492826461792,623
-0.006147377192974091,0.010725237429141998,-0.01079731434583664,0.01488880068063736,624
0.0067006126046180725,-0.003782115876674652,0.012249588966369629,-0.0032304152846336365,625
-0.010516941547393799,0.011112406849861145,-0.01594078540802002,0.007662639021873474,626
0.0008578673005104065,-0.007205873727798462,0.007670633494853973,-0.012300819158554077,627
0.008173294365406036,-0.0033970624208450317,0.0007463842630386353,0.009407997131347656,628
0.0040193721652030945,-0.006978556513786316,0.009577728807926178,-0.012179568409919739,629
-0.011330917477607727,0.013161614537239075,-0.0129128098487854,0.006509542465209961,630
0.0028390809893608093,-0.010566949844360352,0.003206402063369751,-0.010080397129058838,631
0.0007227510213851929,0.000452578067779541,-0.0005090981721878052,0.006293982267379761,632
0.0012406036257743835,-0.01080089807510376,0.0012797266244888306,-0.017209678888320923,633
0.013395354151725769,0.0018351450562477112,0.013703159987926483,0.017896629869937897,634
-0.0037346482276916504,0.0034008920192718506,-0.00533641129732132,-0.007553383708000183,635
-0.0017144158482551575,0.007538601756095886,0.0014704614877700806,0.005963027477264404,636
-0.002771995961666107,-0.012145832180976868,-0.00654834508895874,-0.019460365176200867,637
0.004562810063362122,-0.006143607199192047,0.0010412037372589111,0.0024373307824134827,638
-0.002022944390773773,0.006854996085166931,0.0036954879760742188,0.008888989686965942,639
-0.0031387582421302795,0.0009482577443122864,-0.0006093084812164307,-0.003784783184528351,640
0.00837600976228714,-0.009239338338375092,0.0012152045965194702,-0.0031887516379356384,641
-0.007148563861846924,0.004987113177776337,0.0005839690566062927,-0.001034848392009735,642
0.0038567185401916504,-0.0036669746041297913,-0.0013167336583137512,0.0017802044749259949,643
0.004509091377258301,-0.0005781054496765137,0.01087363064289093,0.0028585344552993774,644
0.002903491258621216,-0.005272798240184784,-0.007641904056072235,-0.008527688682079315,645
-0.0025189444422721863,0.005732439458370209,0.0014759227633476257,0.0030725672841072083,646
0.003993302583694458,-0.00795147567987442,0.010774798691272736,-0.0013853833079338074,647
-0.005245387554168701,0.009585872292518616,-0.012826025485992432,9.647011756896973e-05,648
0.0002763420343399048,-0.0036671683192253113,-0.002011224627494812,-0.005010075867176056,649
-0.0009161010384559631,-0.004624895751476288,-0.0019434541463851929,-0.005577005445957184,650
-0.004276737570762634,0.011522896587848663,0.0027020350098609924,0.020473890006542206,651
0.0004164502024650574,-0.00695490837097168,-0.006437517702579498,-0.01690337434411049,652
-0.003136187791824341,0.006333783268928528,0.008016608655452728,0.01699872687458992,653
-0.000869065523147583,0.005554631352424622,-0.018770605325698853,-0.0015306323766708374,654
0.00626855343580246,-0.012316979467868805,0.023068062961101532,-0.004949577152729034,655
-0.004912585020065308,0.016118749976158142,-0.013768456876277924,0.01762336492538452,656
0.003088735044002533,-0.009037837386131287,-0.004223629832267761,-0.020900771021842957,657
-0.002760455012321472,0.002559356391429901,0.009774759411811829,0.008445419371128082,658
0.001466900110244751,-0.0021103844046592712,0.004642769694328308,0.003399886190891266,659
-0.004172980785369873,0.011241823434829712,-0.002658337354660034,0.0065832436084747314,660
-0.0014873147010803223,0.006317794322967529,-0.017364822328090668,0.005270183086395264,661
0.004616677761077881,-0.009713135659694672,0.00924796611070633,-0.010085277259349823,662
-0.0030983909964561462,0.004973247647285461,0.00017890334129333496,0.0028349608182907104,663
0.0031924769282341003,-0.0026030167937278748,0.004144772887229919,0.005527116358280182,664
-0.0027717575430870056,0.003283955156803131,-0.0002450868487358093,-0.0034911856055259705,665
-0.0017565935850143433,0.005455672740936279,-0.006349988281726837,0.009489253163337708,666
0.0036929696798324585,-0.009008325636386871,0.006876416504383087,-0.011027045547962189,667
-0.0006275102496147156,0.0014835819602012634,0.0006152838468551636,0.0021624192595481873,668
0.0016389042139053345,0.003551855683326721,0.00014991313219070435,0.00841917097568512,669
-0.014403551816940308,0.01201917976140976,-0.013934500515460968,-0.004628129303455353,670
0.010518349707126617,-0.005767501890659332,0.010482758283615112,0.009559445083141327,671
0.003563426434993744,-0.00328855961561203,0.004246406257152557,-0.003917597234249115,672
-0.002298220992088318,-0.006712004542350769,-0.004053153097629547,-0.01358310878276825,673
-0.002544194459915161,0.0030105561017990112,0.00014942139387130737,0.0016007274389266968,674
-0.013335920870304108,0.009725920855998993,-0.012379065155982971,0.006254233419895172,675
-0.0006658881902694702,-0.002200409770011902,-0.006051849573850632,0.00529634952545166,676
0.02004576474428177,-0.011693201959133148,0.02364024892449379,-0.003151528537273407,677
-0.011340275406837463,0.0018263310194015503,-0.011634394526481628,-0.011666074395179749,678
-0.008222520351409912,0.00999874621629715,-0.0013782903552055359,0.007661156356334686,679
0.004741303622722626,0.002310842275619507,-0.005011692643165588,0.012353643774986267,680
0.012611322104930878,-0.019633464515209198,0.013620123267173767,-0.017921485006809235,681
0.0012619271874427795,-0.01228361576795578,0.00487402081489563,-0.02025676891207695,682
-0.005353555083274841,0.010056912899017334,-0.004889927804470062,0.011172685772180557,683
0.007062345743179321,0.0017637908458709717,0.002778097987174988,0.010372892022132874,684
0.000895380973815918,-0.002900548279285431,0.0034363195300102234,-0.010502271354198456,685
0.0020827054977416992,-0.0044069960713386536,0.003467671573162079,-0.0022612586617469788,686
-0.0004383102059364319,0.0027873143553733826,-0.004014834761619568,0.0010837838053703308,687
0.002400115132331848,-0.002298220992088318,0.0031930506229400635,-0.0025713443756103516,688
-0.0014011114835739136,-0.009750999510288239,-0.0002446770668029785,-0.013726558536291122,689
-0.0025908946990966797,0.013086043298244476,-0.0055594369769096375,0.02051728591322899,690
0.006602764129638672,-0.007337197661399841,0.007807210087776184,-0.006165564060211182,691
-0.004442989826202393,-0.0040325745940208435,-0.003435462713241577,-0.014645792543888092,692
0.0010793507099151611,0.003110148012638092,-0.0005772486329078674,0.014748238027095795,693
-0.0055382996797561646,0.002117641270160675,-0.007380865514278412,-0.00927465409040451,694
0.0034272298216819763,-0.004140175879001617,0.011682875454425812,0.0071545615792274475,695
-0.002948842942714691,0.0036829188466072083,-0.011894695460796356,-0.0034459158778190613,696
-0.0026319846510887146,0.004547812044620514,0.0071303993463516235,0.010128088295459747,697
0.0023666992783546448,0.005774550139904022,-0.01255267858505249,0.007003746926784515,698
0.007155492901802063,-0.013640813529491425,0.01740191876888275,-0.0152268186211586,699
-0.004077687859535217,0.008404865860939026,0.00011749565601348877,0.013479694724082947,700
0.0012496337294578552,-0.0035659223794937134,-0.007907330989837646,-0.015735536813735962,701
-0.003159835934638977,0.007218748331069946,0.0033570006489753723,0.012370973825454712,702
-0.0017796754837036133,-0.00032010674476623535,-0.01766202598810196,-0.008963450789451599,703
0.0015860572457313538,-0.0007195472717285156,0.02052590250968933,0.011272385716438293,704
-0.000568196177482605,0.0008951500058174133,-0.012336857616901398,-0.004384063184261322,705
0.001462981104850769,-0.005769684910774231,0.0010757222771644592,-0.004688948392868042,706
-0.0042962804436683655,0.006767921149730682,-0.00010292977094650269,0.006708450615406036,707
-0.002165190875530243,0.0016085654497146606,-0.003307618200778961,0.00040765106678009033,708
0.004831045866012573,0.006714753806591034,0.01434943825006485,0.021484725177288055,709
-0.007010556757450104,0.005606435239315033,-0.02020304650068283,-0.013488136231899261,710
0.006172098219394684,-0.007246807217597961,0.011229977011680603,0.002619147300720215,711
0.004745319485664368,-0.012322179973125458,0.012715287506580353,-0.015156306326389313,712
-0.008461058139801025,0.021121010184288025,-0.015753820538520813,0.021506160497665405,713
0.004990935325622559,-0.007993333041667938,0.004880189895629883,-0.005917005240917206,714
-0.005250699818134308,0.005234256386756897,-0.0057787224650382996,-0.003871545195579529,715
0.003333278000354767,-0.010404326021671295,0.006710931658744812,-0.008414261043071747,716
-0.012046724557876587,0.01934192329645157,-0.016917750239372253,0.02053830772638321,717
0.00839109718799591,-0.011231407523155212,0.010348975658416748,-0.00497514009475708,718
-0.0025324076414108276,0.009243980050086975,0.0020365864038467407,0.002769097685813904,719
-0.0028370097279548645,-0.0044580623507499695,-0.008964776992797852,-0.0015564635396003723,720
-0.0010054036974906921,0.004951409995555878,0.003706030547618866,0.005810700356960297,721
0.006321310997009277,-0.007792234420776367,0.004223547875881195,-0.006077498197555542,722
-0.0021071359515190125,0.005751200020313263,-0.0016945600509643555,0.005755864083766937,723
0.007672928273677826,-0.015292197465896606,0.010881654918193817,-0.016402781009674072,724
-0.005561567842960358,0.005461588501930237,-0.0055874064564704895,0.0002976655960083008,725
-0.0029634907841682434,0.0028237029910087585,-0.005533874034881592,0.004754267632961273,726
0.0031134188175201416,-0.004229992628097534,0.00355684757232666,-0.0022752583026885986,727
-0.013123758137226105,0.004486702382564545,-0.010929450392723083,-0.006183050572872162,728
0.004267655313014984,0.0008916780352592468,4.275888204574585e-05,0.012353666126728058,729
0.007303930819034576,-0.008386991918087006,0.010693833231925964,-0.009444914758205414,730
0.0021807923913002014,-0.0043517425656318665,-0.0009046643972396851,-0.0046286508440971375,731
0.006457597017288208,-0.005046926438808441,0.0054800063371658325,-0.00033733993768692017,732
-0.009894706308841705,0.00933758169412613,-0.0017092898488044739,-0.003720708191394806,733
0.0036539658904075623,-0.002060309052467346,-0.0037553831934928894,0.005977511405944824,734
0.009495154023170471,-0.011014886200428009,0.010570153594017029,-0.00510261207818985,735
-0.0004971176385879517,-0.0006976202130317688,-0.0032882168889045715,-0.0075799450278282166,736
-0.00016008317470550537,-0.0003805384039878845,0.004736959934234619,-0.0006656572222709656,737
0.0008317157626152039,-0.002814285457134247,-0.0028170794248580933,-0.0011527463793754578,738
-0.0080561563372612,0.013317495584487915,-0.006850570440292358,0.010601013898849487,739
0.008277840912342072,-0.013690188527107239,0.014259785413742065,-0.007335200905799866,740
0.0007439032196998596,0.0022382214665412903,-0.007946312427520752,0.000587858259677887,741
-0.0006657987833023071,0.0033016204833984375,0.005335532128810883,0.003082647919654846,742
0.001779206097126007,-0.006510138511657715,-0.0042036548256874084,-0.007949680089950562,743
-0.0021300390362739563,0.007968083024024963,-0.0059113651514053345,0.007073894143104553,744
0.004924148321151733,-0.014075249433517456,0.009247995913028717,-0.01641981303691864,745
-0.009848780930042267,0.013955973088741302,-0.0024029389023780823,0.017750807106494904,746
0.0004714652895927429,0.0014793425798416138,-0.01123453676700592,0.0013754963874816895,747
0.0007063373923301697,-0.0024349838495254517,0.010965920984745026,-0.004980489611625671,748
-0.009888693690299988,0.017713896930217743,-0.01983698457479477,0.013579465448856354,749
0.011615529656410217,-0.016341060400009155,0.019413240253925323,-0.0009290426969528198,750
-0.0007468760013580322,0.003969721496105194,-0.002183854579925537,-0.002755992114543915,751
0.001959182322025299,-0.006994575262069702,-0.0013212338089942932,-0.011036485433578491,752
-0.0036673620343208313,0.003042079508304596,-0.0013821572065353394,0.00025597959756851196,753
-0.005976244807243347,0.014007426798343658,-0.01295420527458191,0.017779968678951263,754
0.008053839206695557,-0.012534461915493011,0.014140486717224121,-0.007369138300418854,755
-0.0063557252287864685,0.014603473246097565,-0.004440896213054657,0.009325586259365082,756
-0.00012201070785522461,-0.0030072778463363647,-0.0028652697801589966,-0.005390971899032593,757
-0.002726137638092041,0.004687413573265076,-0.005623623728752136,0.00801175832748413,758
0.00029172003269195557,0.0015930309891700745,0.0056974515318870544,0.00023242086172103882,759
0.006964251399040222,-0.006673969328403473,0.0066171735525131226,0.0019109025597572327,760
-0.001846015453338623,0.0026390478014945984,0.002741403877735138,-0.004282347857952118,761
0.0027164220809936523,-0.0037952661514282227,0.0023824796080589294,0.0004559457302093506,762
-0.0023723170161247253,0.002682723104953766,-0.010295644402503967,-0.004009239375591278,763
-0.003121301531791687,0.0030930116772651672,-0.0006510689854621887,0.002127416431903839,764
-0.005211189389228821,0.005847498774528503,-0.004112213850021362,0.004631459712982178,765
0.004682488739490509,-0.0020397379994392395,0.00737694650888443,0.0018924698233604431,766
0.0031542330980300903,-0.007785886526107788,-0.001624077558517456,-0.004448816180229187,767
-0.011775754392147064,0.009096592664718628,-0.009972341358661652,-0.0005854368209838867,768
0.012912392616271973,-0.012915454804897308,0.01696142554283142,-0.0021668151021003723,769
-0.009672023355960846,0.015990570187568665,-0.014930903911590576,0.009801939129829407,770
0.006768517196178436,-0.011321783065795898,0.007522612810134888,-0.007070377469062805,771
-0.00022845715284347534,0.007049918174743652,0.00658736377954483,0.0037969201803207397,772
-0.009593620896339417,0.004374273121356964,-0.01584053784608841,-0.00018370896577835083,773
-0.018782243132591248,0.006536908447742462,-0.013672668486833572,-0.0030442550778388977,774
0.015760257840156555,-0.007678613066673279,0.008876722306013107,0.013664647936820984,775
0.011603325605392456,-0.00826428085565567,0.01205318421125412,-0.005090765655040741,776
0.0021195188164711,-0.007448330521583557,0.007588110864162445,-0.016386255621910095,777
-0.0008791312575340271,0.002764202654361725,-0.004512272775173187,0.002543412148952484,778
0.0023537352681159973,-0.011942707002162933,0.007930159568786621,-0.014860443770885468,779
0.0003783702850341797,0.012903943657875061,-0.007209911942481995,0.022160381078720093,780
0.009012609720230103,-0.011411994695663452,0.011592715978622437,-0.015142351388931274,781
-0.00897679477930069,-0.00380127876996994,-0.006114058196544647,-0.017501123249530792,782
-0.010248281061649323,0.002099849283695221,-0.006905585527420044,-0.0003428831696510315,783
0.008811980485916138,-0.0038577914237976074,0.0021508783102035522,0.01278570294380188,784
0.00037807971239089966,0.006170392036437988,-0.001590430736541748,0.0041226595640182495,785
0.0014072433114051819,-0.006155930459499359,0.003645502030849457,-0.012168653309345245,786
0.005925007164478302,0.0002688765525817871,0.007070779800415039,0.01037655770778656,787
0.00016558170318603516,-0.0029516220092773438,-0.00034312158823013306,-0.007504746317863464,788
0.0008627474308013916,0.007395602762699127,-0.006761416792869568,0.009283371269702911,789
-0.0030179843306541443,0.0016427487134933472,0.002535209059715271,-0.006982579827308655,790
7.816404104232788e-05,-0.006864100694656372,0.0027298703789711,-0.0028757601976394653,791
-0.0010004639625549316,-0.0018985643982887268,-0.0013873577117919922,-4.778057336807251e-05,792
-0.003614664077758789,0.0030209943652153015,-0.007519274950027466,-0.002963770180940628,793
-0.004047036170959473,0.011464565992355347,0.0010817572474479675,0.021393250674009323,794
0.010084331035614014,-0.017742857336997986,0.004649512469768524,-0.01675093173980713,795
-0.0038627833127975464,0.010703347623348236,0.004699490964412689,0.011852018535137177,796
-0.003313906490802765,0.009025037288665771,-0.016112998127937317,-0.0012877434492111206,797
0.004393577575683594,-0.006598062813282013,0.005886100232601166,-0.002131618559360504,798
0.002902291715145111,-0.01468801498413086,0.009507514536380768,-0.019691050052642822,799
-0.008248589932918549,0.02153819054365158,-0.006989635527133942,0.03467933088541031,800
0.0017594024538993835,-0.0024876669049263,0.0007219389081001282,-0.010891281068325043,801
-4.012882709503174e-05,-0.004109300673007965,-0.011050544679164886,-0.01143687218427658,802
-0.0030559152364730835,0.0046943798661231995,0.012570135295391083,0.010106585919857025,803
0.0017181932926177979,0.002839706838130951,-0.0027896836400032043,0.01330355554819107,804
0.0017262697219848633,0.001435898244380951,0.001599133014678955,-0.005674190819263458,805
0.0003038942813873291,-0.005341067910194397,-0.005152888596057892,-0.012347385287284851,806
-0.008871205151081085,0.01285802572965622,-0.011369742453098297,0.011979155242443085,807
0.01104000210762024,-0.009430043399333954,0.021440647542476654,0.006146006286144257,808
-9.734928607940674e-05,-0.002981722354888916,-0.0043184831738471985,-0.011992573738098145,809
-0.00923898071050644,0.01498926430940628,-0.01842593401670456,0.012367106974124908,810
0.008610352873802185,-0.006256334483623505,0.027344390749931335,-0.0010228231549263,811
-0.009178198873996735,0.009466312825679779,-0.022494472563266754,0.002599559724330902,812
0.011547140777111053,-0.009271599352359772,0.019786939024925232,0.0034995153546333313,813
-0.014166675508022308,0.012179426848888397,-0.019281454384326935,-0.007574521005153656,814
-0.005581088364124298,-0.0028696209192276,-0.007349967956542969,0.0024485737085342407,815
0.01187850534915924,-0.006695732474327087,0.01750679314136505,0.0055125802755355835,816
-0.007172688841819763,0.00845426321029663,-0.00860760360956192,0.0005509555339813232,817
0.013439595699310303,-0.01035480946302414,0.013296335935592651,0.0010591968894004822,818
-0.0076788365840911865,0.0004076659679412842,-0.003913275897502899,-0.01601414382457733,819
-0.005497202277183533,0.0072958990931510925,-0.012642845511436462,0.015701688826084137,820
0.015905380249023438,-0.01385246217250824,0.02058935910463333,-0.009159773588180542,821
-0.01636943221092224,0.007566347718238831,-0.010855689644813538,-0.012962087988853455,822
0.0007134750485420227,0.0021958351135253906,-0.007174737751483917,0.018581613898277283,823
-0.0027156397700309753,-0.010798774659633636,-0.0011620521545410156,-0.021431155502796173,824
0.003328576683998108,0.004264943301677704,0.004395432770252228,0.011985458433628082,825
0.009618394076824188,-0.0022445619106292725,0.006909593939781189,0.005724877119064331,826
-0.0007389560341835022,-0.0038164854049682617,0.0010126009583473206,-0.013687282800674438,827
-0.004045590758323669,-0.0009029954671859741,-0.0035215914249420166,-0.00572580099105835,828
0.00013309717178344727,0.004203461110591888,0.0015954673290252686,0.009212322533130646,829
0.0034753531217575073,-0.002626284956932068,0.0058548301458358765,-0.0016718655824661255,830
-0.0015652105212211609,0.0009315460920333862,-0.009701527655124664,-0.0008845478296279907,831
0.008206143975257874,-0.009519152343273163,0.005961880087852478,-0.0036962106823921204,832
0.001452818512916565,-0.002155117690563202,0.004497624933719635,-0.006293930113315582,833
-0.0024808943271636963,-0.005918256938457489,-0.00019785016775131226,-0.010912097990512848,834
-0.0005332604050636292,0.004392281174659729,0.004438154399394989,0.014427512884140015,835
0.002307116985321045,-0.0013371855020523071,-0.0067516714334487915,-0.0024031996726989746,836
-0.002026759088039398,0.004858329892158508,0.0015503987669944763,0.001079067587852478,837
0.0017583146691322327,-0.006524413824081421,0.004284270107746124,-0.005327925086021423,838
0.0012977123260498047,0.003977864980697632,0.0015793964266777039,0.012430727481842041,839
0.0013992562890052795,-0.005111396312713623,-0.0006666108965873718,-0.014346644282341003,840
-0.003617428243160248,0.004661694169044495,-0.012022674083709717,-0.000957738608121872,841
2.421438694000244e-06,0.0014450699090957642,0.008045375347137451,0.008554797619581223,842
-0.0008122473955154419,0.001112140715122223,0.007668547332286835,0.004081703722476959,843
-0.0014680102467536926,-0.0006390586495399475,-0.012362509965896606,-0.008369632065296173,844
-0.0013199150562286377,0.0032906904816627502,-0.012730129063129425,-0.001334168016910553,845
-0.00014966726303100586,0.001466907560825348,0.013129517436027527,0.008905865252017975,846
0.0007549077272415161,-0.005053803324699402,-0.0006736516952514648,-0.004823565483093262,847
-0.0018089190125465393,0.004334352910518646,0.00899728387594223,0.012351326644420624,848
-0.0017608404159545898,0.012441463768482208,-0.02289612591266632,0.0048359110951423645,849
0.0012660697102546692,-0.0010280460119247437,0.007684245705604553,-0.0038549304008483887,850
-6.922334432601929e-05,-0.0034915879368782043,0.0006860271096229553,-0.001946873962879181,851
-0.0011783838272094727,-0.0006175488233566284,0.00941387563943863,-0.0009681880474090576,852
0.006255298852920532,-0.008528046309947968,7.624179124832153e-05,0.0030572786927223206,853
-0.009252719581127167,0.012097947299480438,-0.016774199903011322,-0.004171930253505707,854
-0.004859268665313721,0.009914763271808624,-0.0032744333148002625,0.016834266483783722,855
0.01520257443189621,-0.01680561900138855,0.032227449119091034,-0.006390586495399475,856
-0.01129084825515747,0.017049096524715424,-0.025131158530712128,0.0023299530148506165,857
0.005999930202960968,-0.010158970952033997,0.0074263885617256165,-0.003316715359687805,858
-0.005452200770378113,0.005851753056049347,-0.005764007568359375,-0.001084156334400177,859
0.008617870509624481,-0.0027009248733520508,0.012957923114299774,0.011433124542236328,860
-0.007973887026309967,0.0038186311721801758,-0.011379808187484741,-0.012108936905860901,861
-0.002507530152797699,0.004921406507492065,0.0005050823092460632,0.006078451871871948,862
0.004164710640907288,0.0004472881555557251,0.004505127668380737,0.008320212364196777,863
-0.0032929927110671997,0.0006990954279899597,-0.008772648870944977,-0.001217089593410492,864
-0.010720759630203247,0.0027846917510032654,-0.0035399869084358215,-0.01008712500333786,865
0.016102761030197144,-0.00908159464597702,0.00949939340353012,0.01232830435037613,866
-0.005266137421131134,-0.007193416357040405,-0.0012086182832717896,-0.022624894976615906,867
-0.005202867090702057,0.009318649768829346,-0.0009497106075286865,0.011740460991859436,868
0.005741506814956665,-0.007391184568405151,-0.002659529447555542,0.00016339123249053955,869
-0.010708443820476532,0.007066577672958374,-0.004614286124706268,-0.0057617127895355225,870
0.013008534908294678,-0.007986612617969513,0.009382717311382294,0.007444299757480621,871
0.0023687779903411865,-0.003115430474281311,0.007110074162483215,-0.009933441877365112,872
-0.004546269774436951,0.0009424760937690735,-0.012473925948143005,-0.0012287870049476624,873
0.001864120364189148,-0.0010472014546394348,0.008798100054264069,-0.00048654526472091675,874
0.00589655339717865,-0.010943040251731873,0.003515489399433136,-0.010277330875396729,875
-0.0021202564239501953,0.000916898250579834,-0.0009069517254829407,-0.0017766952514648438,876
0.0021778643131256104,-0.00016770511865615845,-0.002670958638191223,0.005618490278720856,877
-0.009759113192558289,0.0032663270831108093,-0.002384461462497711,-0.009679533541202545,878
-0.004344537854194641,0.004948966205120087,-0.007288545370101929,0.008061520755290985,879
0.009077996015548706,-0.005251750349998474,0.005645684897899628,0.0067221373319625854,880
0.0045904740691185,0.003938227891921997,0.010086871683597565,0.007979124784469604,881
0.004775062203407288,-0.003350786864757538,0.0023085474967956543,-0.0068242475390434265,882
0.002339012920856476,-0.013828657567501068,0.0008454620838165283,-0.02424541488289833,883
0.00019338726997375488,0.009348452091217041,-0.007865816354751587,0.01742270216345787,884
0.004697777330875397,-0.00689900666475296,0.011681221425533295,-0.006887488067150116,885
-0.0035401657223701477,0.003418371081352234,0.001851782202720642,0.003850683569908142,886
0.0010657161474227905,-0.004890933632850647,-0.007145844399929047,-0.007608070969581604,887
-0.005265489220619202,0.0026535242795944214,-0.0006656870245933533,-0.0064847879111766815,888
-0.0009447187185287476,-0.0013520121574401855,0.0008846521377563477,0.009225334972143173,889
-0.0036802738904953003,0.008669160306453705,-0.013275034725666046,0.0067371949553489685,890
0.0014983788132667542,-0.0031558722257614136,0.022244736552238464,0.0027641206979751587,891
-0.004472695291042328,0.010390713810920715,-0.033512264490127563,-0.007585659623146057,892
0.0023850053548812866,-0.0037260130047798157,0.01973670721054077,0.009037695825099945,893
0.00037000328302383423,-0.0018985792994499207,-0.003696233034133911,-0.002131514251232147,894
0.0017480403184890747,-0.0014225170016288757,-0.002214498817920685,-0.0012284591794013977,895
-0.00379730761051178,0.012803010642528534,0.006996601819992065,0.0158933624625206,896
-0.002320021390914917,0.0004852414131164551,-0.015265487134456635,-0.010322660207748413,897
0.007457815110683441,-0.014246724545955658,0.00910690426826477,-0.0048774853348731995,898
-0.0044671520590782166,0.009421482682228088,0.005516238510608673,0.009703487157821655,899
-0.004330389201641083,0.005830049514770508,-0.01681586354970932,0.0020517557859420776,900
0.003173142671585083,-0.005544416606426239,0.015179745852947235,-0.004672251641750336,901
0.0010157153010368347,0.0007524490356445312,-0.00044499337673187256,0.0063895732164382935,902
-0.006610602140426636,0.013537496328353882,-0.013014912605285645,0.008381754159927368,903
0.00459752231836319,-0.007237836718559265,0.008033402264118195,-0.005228489637374878,904
0.001992359757423401,-0.007184937596321106,0.009290240705013275,-0.013058006763458252,905
-0.0025315284729003906,0.009959548711776733,-0.014474548399448395,0.02078162133693695,906
0.00014204531908035278,-0.011987514793872833,0.009878665208816528,-0.026111416518688202,907
-0.002072952687740326,0.002581484615802765,-0.009689092636108398,0.014680899679660797,908
-0.009892851114273071,0.01779799908399582,-0.004190102219581604,0.006314866244792938,909
0.007919639348983765,-0.0007251575589179993,0.008377067744731903,0.010133244097232819,910
-0.005147606134414673,-0.00046891719102859497,-0.009953856468200684,-0.004468165338039398,911
-0.002836853265762329,-0.012040451169013977,0.004210472106933594,-0.021861746907234192,912
0.004512950778007507,0.005904577672481537,-0.00019428879022598267,0.019725359976291656,913
0.00778903067111969,-0.0060424283146858215,0.007154427468776703,-0.004205562174320221,914
0.0024795904755592346,-0.008230283856391907,0.007388405501842499,-0.015476822853088379,915
-0.019917361438274384,0.016756415367126465,-0.021995991468429565,0.007919445633888245,916
0.007249020040035248,-0.00432036817073822,0.006600916385650635,0.005944311618804932,917
0.014506809413433075,-0.008653908967971802,0.013502441346645355,-0.0006280243396759033,918
-0.01608804613351822,0.005926594138145447,-0.01461976021528244,-0.01440364122390747,919
0.010819390416145325,-0.011105172336101532,0.009990952908992767,0.0020541921257972717,920
0.0007909983396530151,0.00907493382692337,0.00024544447660446167,0.012101627886295319,921
0.004815995693206787,-0.008839190006256104,0.0035238489508628845,-0.013109639286994934,922
-0.002691611647605896,-0.0005060508847236633,-0.0025746673345565796,-0.0060120150446891785,923
-0.005742527544498444,0.004715584218502045,0.001002281904220581,0.003968857228755951,924
0.008111439645290375,-0.0035924315452575684,-2.7544796466827393e-05,0.0088595449924469,925
0.002070493996143341,-0.00975208729505539,0.0036490485072135925,-0.01910211890935898,926
0.002566128969192505,0.0009344369173049927,0.002824746072292328,0.006351158022880554,927
-0.005709297955036163,0.004402413964271545,-0.005516275763511658,-0.002086341381072998,928
0.009273223578929901,-0.010614417493343353,0.01210997998714447,-0.0008501484990119934,929
-0.0010457336902618408,0.0031625032424926758,-0.007554352283477783,-0.00021341443061828613,930
-0.003475889563560486,-0.0008488073945045471,0.0011692643165588379,-0.006508149206638336,931
-0.00296986848115921,0.003830432891845703,-0.0021183863282203674,0.005089506506919861,932
0.0035772323608398438,-0.006272897124290466,-0.0028350800275802612,-0.004419565200805664,933
-0.0018176212906837463,-2.9608607292175293e-05,0.013080179691314697,0.006175786256790161,934
-0.006073765456676483,0.0191928893327713,-0.012327134609222412,0.019918859004974365,935
0.008565112948417664,-0.011773981153964996,-0.005121685564517975,-0.0226309671998024,936
-0.0068078115582466125,0.011414878070354462,-0.008036531507968903,0.004462741315364838,937
0.005620971322059631,-0.014449067413806915,0.02276168018579483,0.0014389678835868835,938
-0.0019517764449119568,-0.0016960129141807556,-0.005493439733982086,-0.0071504488587379456,939
-0.0017704889178276062,0.010712854564189911,-0.01110229641199112,0.01641584187746048,940
-0.0008387044072151184,0.002980843186378479,-0.0020760372281074524,-0.0043811798095703125,941
0.003252089023590088,-0.007010146975517273,0.006057538092136383,-0.003724798560142517,942
-0.0013651475310325623,0.0004243776202201843,0.00860276073217392,0.001462884247303009,943
-0.007648587226867676,0.012045860290527344,-0.01847425103187561,0.0077566057443618774,944
0.0055391788482666016,-0.010634712874889374,0.0178724005818367,-0.004934079945087433,945
-0.0049422383308410645,0.01290273666381836,-0.013170100748538971,0.010429292917251587,946
