l_vel X,l_vel Y,l_vel Z,t
0.0048546320758759975,0.007622916717082262,-0.024796821177005768,0
0.001979568973183632,-0.010821305215358734,-0.07288721948862076,1
-0.0008958287071436644,-0.020618677139282227,-0.1276688575744629,2
-0.005435042083263397,-0.03169514238834381,-0.17819954454898834,3
-0.014041006565093994,-0.04226475954055786,-0.20795400440692902,4
-0.029774053022265434,-0.05322803184390068,-0.2268010824918747,5
-0.05285327509045601,-0.06775879114866257,-0.22761423885822296,6
-0.08280820399522781,-0.0853922888636589,-0.21527408063411713,7
-0.1220303624868393,-0.10762925446033478,-0.1752239316701889,8
-0.16601741313934326,-0.13288594782352448,-0.12510842084884644,9
-0.21840454638004303,-0.16085466742515564,-0.05392030254006386,10
-0.2747364640235901,-0.19077451527118683,0.03301434591412544,11
-0.3318016529083252,-0.22130784392356873,0.1212427094578743,12
-0.38470566272735596,-0.25034773349761963,0.1985231190919876,13
-0.43842217326164246,-0.2799874246120453,0.2884840965270996,14
-0.4838503301143646,-0.3086799383163452,0.36883339285850525,15
-0.5235698223114014,-0.33636733889579773,0.4487861692905426,16
-0.5518167018890381,-0.3615407943725586,0.4948525130748749,17
-0.5755252242088318,-0.3872080147266388,0.5411716103553772,18
-0.5896900296211243,-0.4121331572532654,0.5687885880470276,19
-0.5996047854423523,-0.4371509253978729,0.5927715301513672,20
-0.603456974029541,-0.4620040953159332,0.5967620611190796,21
-0.603400468826294,-0.4866403341293335,0.5925797820091248,22
-0.5989881753921509,-0.5107227563858032,0.574696958065033,23
-0.5927392840385437,-0.5352810025215149,0.5471408367156982,24
-0.5841884016990662,-0.5607579946517944,0.5212895274162292,25
-0.5730149149894714,-0.5871643424034119,0.49995359778404236,26
-0.5619081258773804,-0.611871600151062,0.4600319266319275,27
-0.5500871539115906,-0.6376053094863892,0.4274252653121948,28
-0.5356069803237915,-0.6644935011863708,0.40548762679100037,29
-0.523527979850769,-0.6884600520133972,0.3616909384727478,30
-0.5123370885848999,-0.712857723236084,0.321069598197937,31
-0.5010614395141602,-0.7389190196990967,0.2966713607311249,32
-0.48812493681907654,-0.7665514349937439,0.2930866479873657,33
-0.475359708070755,-0.7917073369026184,0.2805222272872925,34
-0.46532243490219116,-0.8159465789794922,0.2641521096229553,35
-0.4568859934806824,-0.8424628973007202,0.27884137630462646,36
-0.4501694142818451,-0.8655943870544434,0.28370288014411926,37
-0.44715407490730286,-0.8882486820220947,0.29590779542922974,38
-0.44780007004737854,-0.9097022414207458,0.3159778416156769,39
-0.45196422934532166,-0.9298708438873291,0.343558669090271,40
-0.4582299292087555,-0.9475767016410828,0.36315223574638367,41
-0.4679986536502838,-0.964236319065094,0.3958601653575897,42
-0.4767199158668518,-0.9775295853614807,0.39564386010169983,43
-0.48827293515205383,-0.9919675588607788,0.43539759516716003,44
-0.49628472328186035,-1.0035724639892578,0.4404310882091522,45
-0.5052628517150879,-1.0151768922805786,0.4363369643688202,46
-0.5107966661453247,-1.0258889198303223,0.40500763058662415,47
-0.5163714289665222,-1.0388528108596802,0.3850688636302948,48
-0.5196799635887146,-1.0536752939224243,0.37373074889183044,49
-0.5205157995223999,-1.06901216506958,0.34575968980789185,50
-0.5190580487251282,-1.086756944656372,0.3315042555332184,51
-0.5167922973632812,-1.1022677421569824,0.2654936909675598,52
-0.5138828158378601,-1.1215828657150269,0.22848525643348694,53
-0.5080428719520569,-1.1430637836456299,0.21321050822734833,54
-0.5005090236663818,-1.162867784500122,0.17288221418857574,55
-0.4931778609752655,-1.1795361042022705,0.10431697964668274,56
-0.48649975657463074,-1.196068525314331,0.03520743548870087,57
-0.4797484278678894,-1.2111152410507202,-0.04243875667452812,58
-0.47338083386421204,-1.228618860244751,-0.10013270378112793,59
-0.46550649404525757,-1.2479418516159058,-0.12890949845314026,60
-0.4577349126338959,-1.267073154449463,-0.1423131823539734,61
-0.45287024974823,-1.2825596332550049,-0.17979857325553894,62
-0.44977158308029175,-1.2949424982070923,-0.22079560160636902,63
-0.4476187527179718,-1.30719792842865,-0.22326627373695374,64
-0.4480285346508026,-1.3170143365859985,-0.22773140668869019,65
-0.45012083649635315,-1.3237494230270386,-0.22627606987953186,66
-0.4559871256351471,-1.3276622295379639,-0.2403317391872406,67
-0.4619574248790741,-1.3278082609176636,-0.22934535145759583,68
-0.4697854518890381,-1.3263996839523315,-0.24094454944133759,69
-0.4780538082122803,-1.3224133253097534,-0.23859401047229767,70
-0.48694151639938354,-1.31633460521698,-0.23341111838817596,71
-0.49655601382255554,-1.3096226453781128,-0.21919260919094086,72
-0.5064030289649963,-1.3031269311904907,-0.21863412857055664,73
-0.5158681869506836,-1.2959213256835938,-0.22012855112552643,74
-0.5255466103553772,-1.2889124155044556,-0.22201095521450043,75
-0.5348256826400757,-1.2816575765609741,-0.21559053659439087,76
-0.5432589650154114,-1.2745238542556763,-0.21086502075195312,77
-0.5499710440635681,-1.2668249607086182,-0.19675475358963013,78
-0.5563604831695557,-1.262070655822754,-0.19891057908535004,79
-0.5631848573684692,-1.2576875686645508,-0.19397054612636566,80
-0.5694810152053833,-1.2540912628173828,-0.20873938500881195,81
-0.5749852061271667,-1.2500194311141968,-0.21078670024871826,82
-0.5793392062187195,-1.246877908706665,-0.2313907891511917,83
-0.5839729309082031,-1.2439852952957153,-0.24628964066505432,84
-0.5884971618652344,-1.2409213781356812,-0.2404586672782898,85
-0.5934082269668579,-1.2386181354522705,-0.2350868582725525,86
-0.5975000262260437,-1.2358999252319336,-0.25016453862190247,87
-0.6013420224189758,-1.23224937915802,-0.2504550516605377,88
-0.6044591665267944,-1.228263020515442,-0.25909361243247986,89
-0.6073551177978516,-1.2231792211532593,-0.2587439715862274,90
-0.6093586087226868,-1.2184045314788818,-0.2656356394290924,91
-0.6118146181106567,-1.21329927444458,-0.2800476551055908,92
-0.6148906946182251,-1.2065575122833252,-0.26784875988960266,93
-0.6165758967399597,-1.1994034051895142,-0.2754620313644409,94
-0.6184350848197937,-1.1915102005004883,-0.28351959586143494,95
-0.6208392977714539,-1.1821620464324951,-0.27254483103752136,96
-0.6236243844032288,-1.1728774309158325,-0.2720414400100708,97
-0.62567138671875,-1.162139654159546,-0.2760315537452698,98
-0.62905353307724,-1.1505299806594849,-0.2690199911594391,99
-0.6322493553161621,-1.1388019323349,-0.2721270024776459,100
-0.6360715627670288,-1.1240571737289429,-0.2494223564863205,101
-0.6387031078338623,-1.1104559898376465,-0.251156747341156,102
-0.6424306035041809,-1.0941386222839355,-0.22823238372802734,103
-0.6452747583389282,-1.0791937112808228,-0.22478683292865753,104
-0.6481224894523621,-1.0632061958312988,-0.21699906885623932,105
-0.6511380076408386,-1.0476444959640503,-0.2076139897108078,106
-0.6541376709938049,-1.0314394235610962,-0.1954205334186554,107
-0.657274603843689,-1.0146663188934326,-0.17564474046230316,108
-0.6603885293006897,-0.9996936917304993,-0.17343571782112122,109
-0.6628840565681458,-0.9838093519210815,-0.16196566820144653,110
-0.6645900011062622,-0.9665945768356323,-0.13890662789344788,111
-0.6654764413833618,-0.9502686262130737,-0.12303630262613297,112
-0.6665167212486267,-0.9365328550338745,-0.12686900794506073,113
-0.6679957509040833,-0.9215497970581055,-0.1127038449048996,114
-0.6696571707725525,-0.9079428911209106,-0.10961761325597763,115
-0.6707553267478943,-0.8931466937065125,-0.10036138445138931,116
-0.6709317564964294,-0.8786978721618652,-0.0892990231513977,117
-0.6710061430931091,-0.8662481307983398,-0.09448444098234177,118
-0.6715025305747986,-0.8529052138328552,-0.0863245278596878,119
-0.6707254648208618,-0.8378689289093018,-0.06015240401029587,120
-0.6701140403747559,-0.824897050857544,-0.05243435502052307,121
-0.6697937846183777,-0.8126536011695862,-0.05636678636074066,122
-0.6695663332939148,-0.7996659874916077,-0.048007894307374954,123
-0.6689631938934326,-0.78643399477005,-0.03796863555908203,124
-0.6683924794197083,-0.7735243439674377,-0.031222576275467873,125
-0.667656421661377,-0.7603821754455566,-0.024762960150837898,126
-0.6665241122245789,-0.747673749923706,-0.023354606702923775,127
-0.6659119725227356,-0.7351235747337341,-0.016577618196606636,128
-0.665257453918457,-0.7226050496101379,-0.013636081479489803,129
-0.6643416285514832,-0.7097243070602417,-0.002756980247795582,130
-0.6635419130325317,-0.6968898177146912,0.00955417100340128,131
-0.6629027128219604,-0.6824041604995728,0.03960072621703148,132
-0.6630033850669861,-0.669434130191803,0.05063626170158386,133
-0.6637316346168518,-0.654541015625,0.07324783504009247,134
-0.6637237071990967,-0.6391257643699646,0.09223280847072601,135
-0.6639018058776855,-0.6246780157089233,0.09782074391841888,136
-0.6651179194450378,-0.6083279848098755,0.12337218970060349,137
-0.6657176613807678,-0.5929831862449646,0.12946617603302002,138
-0.6661525368690491,-0.5763509273529053,0.1481253206729889,139
-0.6670689582824707,-0.5611317157745361,0.15896420180797577,140
-0.6682913899421692,-0.5464752912521362,0.16406464576721191,141
-0.6687125563621521,-0.5317593812942505,0.1737186461687088,142
-0.6688428521156311,-0.5179432034492493,0.17783023416996002,143
-0.6688511371612549,-0.5035997033119202,0.19317872822284698,144
-0.6686305403709412,-0.491189181804657,0.19903261959552765,145
-0.6690161824226379,-0.48019325733184814,0.19097557663917542,146
-0.6691896319389343,-0.46921682357788086,0.18889926373958588,147
-0.6688223481178284,-0.45732295513153076,0.20747074484825134,148
-0.6690142750740051,-0.448500394821167,0.20061683654785156,149
-0.6697291135787964,-0.44132012128829956,0.17775066196918488,150
-0.670295000076294,-0.43271878361701965,0.18048587441444397,151
-0.6705537438392639,-0.42440059781074524,0.1826016902923584,152
-0.6707217693328857,-0.4164879322052002,0.18540999293327332,153
-0.6709447503089905,-0.4104383587837219,0.16800335049629211,154
-0.6718988418579102,-0.4044303297996521,0.15926653146743774,155
-0.6729049682617188,-0.3994659185409546,0.1381620615720749,156
-0.6740596890449524,-0.39208030700683594,0.15625029802322388,157
-0.6752604246139526,-0.38543057441711426,0.16168686747550964,158
-0.6754575371742249,-0.3779924213886261,0.15903663635253906,159
-0.6744776964187622,-0.37091735005378723,0.14421454071998596,160
-0.6723073124885559,-0.36332380771636963,0.132966086268425,161
-0.6700552105903625,-0.3566426932811737,0.12312556803226471,162
-0.6695415377616882,-0.35050567984580994,0.11182300001382828,163
-0.6681260466575623,-0.34274914860725403,0.10933127999305725,164
-0.6663528084754944,-0.33505332469940186,0.11265907436609268,165
-0.6659478545188904,-0.32746538519859314,0.11491907387971878,166
-0.6652001142501831,-0.3197411298751831,0.10118433088064194,167
-0.6636260151863098,-0.309792160987854,0.11195389181375504,168
-0.6613991856575012,-0.2990349233150482,0.12333051860332489,169
-0.6593359708786011,-0.28909966349601746,0.12062151730060577,170
-0.6575326323509216,-0.27976909279823303,0.10807398706674576,171
-0.6562347412109375,-0.26893267035484314,0.11168322712182999,172
-0.6550048589706421,-0.25805261731147766,0.11143215745687485,173
-0.6538022756576538,-0.24609589576721191,0.12061647325754166,174
-0.6524940133094788,-0.23492316901683807,0.11967547982931137,175
-0.6510078310966492,-0.22257979214191437,0.12778212130069733,176
-0.6498641967773438,-0.2106081247329712,0.13385134935379028,177
-0.6491274833679199,-0.19884972274303436,0.13480421900749207,178
-0.6471371054649353,-0.18584157526493073,0.1392258256673813,179
-0.6441925764083862,-0.17172905802726746,0.15927742421627045,180
-0.6416509747505188,-0.15990155935287476,0.157849982380867,181
-0.639320969581604,-0.14702178537845612,0.1664096862077713,182
-0.636971652507782,-0.13395148515701294,0.16795293986797333,183
-0.6328995227813721,-0.12166537344455719,0.1601083129644394,184
-0.6278149485588074,-0.10967609286308289,0.15523661673069,185
-0.6232925653457642,-0.09951526671648026,0.14206622540950775,186
-0.6189881563186646,-0.0887499451637268,0.14654220640659332,187
-0.6153184771537781,-0.07979331910610199,0.1360459178686142,188
-0.611347496509552,-0.07069554924964905,0.1344347894191742,189
-0.6081641912460327,-0.06268709897994995,0.1229114979505539,190
-0.604567289352417,-0.055745430290699005,0.10017575323581696,191
-0.6004077792167664,-0.04831313714385033,0.09378059953451157,192
-0.5967180132865906,-0.04175286367535591,0.08591652661561966,193
-0.5937384366989136,-0.03556575998663902,0.07744134217500687,194
-0.5910710692405701,-0.03012089803814888,0.06086253002285957,195
-0.5879557132720947,-0.0248420350253582,0.04454228654503822,196
-0.5845578908920288,-0.01935821957886219,0.03541793301701546,197
-0.5816552639007568,-0.014723330736160278,0.024205652996897697,198
-0.5795454978942871,-0.009889981709420681,0.020435499027371407,199
-0.577279269695282,-0.004621736239641905,0.017692292109131813,200
-0.574489176273346,0.0005853902548551559,0.01544691901654005,201
-0.5723982453346252,0.005843338090926409,0.014354380778968334,202
-0.570900022983551,0.011897102929651737,0.019020991399884224,203
-0.5693692564964294,0.018940744921565056,0.025158420205116272,204
-0.5676353573799133,0.026110321283340454,0.023723462596535683,205
-0.5656241774559021,0.03574550151824951,0.04419608786702156,206
-0.5641627311706543,0.044990140944719315,0.052993424236774445,207
-0.5626453161239624,0.056106820702552795,0.06975273042917252,208
-0.5606106519699097,0.06908358633518219,0.09316785633563995,209
-0.5584347248077393,0.08282294124364853,0.11691135168075562,210
-0.5562369227409363,0.09620675444602966,0.12277894467115402,211
-0.5527504086494446,0.11223999410867691,0.14550472795963287,212
-0.5488847494125366,0.1251867115497589,0.13856184482574463,213
-0.5447666645050049,0.139573335647583,0.14909888803958893,214
-0.5410254001617432,0.15578638017177582,0.18083719909191132,215
-0.538489818572998,0.1678720861673355,0.17073608934879303,216
-0.5344297289848328,0.1818067580461502,0.17410214245319366,217
-0.529513955116272,0.1926363706588745,0.15832196176052094,218
-0.5245129466056824,0.2028585970401764,0.14994557201862335,219
-0.5201252102851868,0.21123695373535156,0.14126157760620117,220
-0.5168304443359375,0.21897315979003906,0.13949280977249146,221
-0.5138660669326782,0.22602027654647827,0.13790006935596466,222
-0.5109527707099915,0.2325795590877533,0.13454975187778473,223
-0.5073652863502502,0.2388426959514618,0.1353844404220581,224
-0.503612220287323,0.24487285315990448,0.13856689631938934,225
-0.5003710985183716,0.24954542517662048,0.13272273540496826,226
-0.4981958270072937,0.253957062959671,0.13179919123649597,227
-0.4965463876724243,0.2564508616924286,0.10901326686143875,228
-0.4951455295085907,0.2602297365665436,0.10952416062355042,229
-0.49444445967674255,0.2631475031375885,0.10269836336374283,230
-0.4939310550689697,0.26642969250679016,0.10430269688367844,231
-0.49354371428489685,0.2684587836265564,0.09112705290317535,232
-0.49307525157928467,0.27111321687698364,0.09082965552806854,233
-0.4929768741130829,0.27414315938949585,0.09800516813993454,234
-0.4929255247116089,0.2776409685611725,0.11211897432804108,235
-0.4936113953590393,0.28110331296920776,0.12015016376972198,236
-0.49434545636177063,0.2843908965587616,0.12249138951301575,237
-0.4953433871269226,0.2881466746330261,0.12690035998821259,238
-0.496565043926239,0.293348491191864,0.14423653483390808,239
-0.4983230531215668,0.2990371584892273,0.1683036983013153,240
-0.5000509023666382,0.30433574318885803,0.16995243728160858,241
-0.5010126829147339,0.3111403286457062,0.18167169392108917,242
-0.5012596845626831,0.31692102551460266,0.17734958231449127,243
-0.5012398958206177,0.3243890702724457,0.1926649808883667,244
-0.5015252828598022,0.33264636993408203,0.2134491354227066,245
-0.5012326836585999,0.3415346145629883,0.23673006892204285,246
-0.5015743970870972,0.3476666808128357,0.2290184199810028,247
-0.5015910267829895,0.356108695268631,0.23988068103790283,248
-0.5011845231056213,0.36417004466056824,0.2469101995229721,249
-0.5008160471916199,0.37166115641593933,0.25194790959358215,250
-0.5011084079742432,0.37953826785087585,0.2658334970474243,251
-0.5006283521652222,0.38460773229599,0.24752922356128693,252
-0.4993891716003418,0.3895781636238098,0.23693236708641052,253
-0.4987967014312744,0.39550286531448364,0.24978402256965637,254
-0.4983071982860565,0.3986990451812744,0.23634813725948334,255
-0.49754321575164795,0.40168896317481995,0.23347732424736023,256
-0.496971070766449,0.40364769101142883,0.22916865348815918,257
-0.4964721202850342,0.403926283121109,0.21762284636497498,258
-0.4961053431034088,0.4037621319293976,0.21968156099319458,259
-0.4967253506183624,0.402089923620224,0.21740561723709106,260
-0.49740082025527954,0.40003252029418945,0.2078559547662735,261
-0.4971027970314026,0.39777544140815735,0.20528574287891388,262
-0.49752146005630493,0.3942769169807434,0.2043023258447647,263
-0.49804872274398804,0.38961729407310486,0.187102273106575,264
-0.4987475872039795,0.38569432497024536,0.2086908519268036,265
-0.5001806020736694,0.38054895401000977,0.20518076419830322,266
-0.5010308027267456,0.37534987926483154,0.199392169713974,267
-0.5008605718612671,0.37050777673721313,0.20530717074871063,268
-0.5007055997848511,0.3654616177082062,0.22693274915218353,269
-0.5012995600700378,0.35962653160095215,0.21676503121852875,270
-0.5009208917617798,0.35391461849212646,0.21469387412071228,271
-0.5005351901054382,0.34791478514671326,0.22827140986919403,272
-0.5009911060333252,0.3409785330295563,0.24010668694972992,273
-0.5009108781814575,0.33486172556877136,0.2555215656757355,274
-0.5009233951568604,0.32875725626945496,0.26302820444107056,275
-0.4999355673789978,0.3226907551288605,0.26310813426971436,276
-0.4989190995693207,0.3158177435398102,0.2737251818180084,277
-0.4983207881450653,0.30810439586639404,0.28037238121032715,278
-0.4979844391345978,0.30088695883750916,0.29222342371940613,279
-0.4972802400588989,0.2936330735683441,0.2823474407196045,280
-0.49535199999809265,0.28566011786460876,0.2899070382118225,281
-0.49461227655410767,0.27661722898483276,0.29275378584861755,282
-0.49284109473228455,0.26738396286964417,0.29870811104774475,283
-0.4899555444717407,0.25787127017974854,0.312457412481308,284
-0.48739632964134216,0.2476557493209839,0.3192206919193268,285
-0.4834359884262085,0.23670899868011475,0.31901270151138306,286
-0.4799658954143524,0.22420895099639893,0.31257322430610657,287
-0.47592270374298096,0.21074837446212769,0.30181318521499634,288
-0.47066330909729004,0.1965458244085312,0.31286370754241943,289
-0.4639958441257477,0.18134190142154694,0.32470187544822693,290
-0.4568355977535248,0.16535495221614838,0.3183586001396179,291
-0.44725990295410156,0.1478782594203949,0.3284410238265991,292
-0.4371788501739502,0.1288931667804718,0.33854371309280396,293
-0.42707911133766174,0.10921424627304077,0.3485473394393921,294
-0.4158664345741272,0.08964011818170547,0.35833051800727844,295
-0.40027499198913574,0.06885706633329391,0.3781506419181824,296
-0.3867838382720947,0.047596655786037445,0.36848923563957214,297
-0.36958393454551697,0.025425318628549576,0.3751373887062073,298
-0.34986722469329834,0.002275149803608656,0.3987197279930115,299
-0.3309691250324249,-0.021037740632891655,0.40870586037635803,300
-0.3121386170387268,-0.042395200580358505,0.4025624394416809,301
-0.28963327407836914,-0.06557407230138779,0.40165555477142334,302
-0.27023929357528687,-0.08752614259719849,0.37058019638061523,303
-0.24789921939373016,-0.11099638789892197,0.35072943568229675,304
-0.21707794070243835,-0.13760116696357727,0.36988815665245056,305
-0.1948361098766327,-0.15989725291728973,0.33070600032806396,306
-0.16310305893421173,-0.1844760775566101,0.3294508755207062,307
-0.13519148528575897,-0.20853964984416962,0.29589611291885376,308
-0.10736793279647827,-0.23148785531520844,0.26437538862228394,309
-0.0749683529138565,-0.25628674030303955,0.24272027611732483,310
-0.04333055391907692,-0.28022223711013794,0.21755126118659973,311
-0.010628602467477322,-0.30372393131256104,0.19280773401260376,312
0.022613510489463806,-0.3266338109970093,0.16221706569194794,313
0.049894172698259354,-0.347049742937088,0.10492619127035141,314
0.08907056599855423,-0.3710942268371582,0.09545908868312836,315
0.12047959119081497,-0.3918161690235138,0.055702753365039825,316
0.15376496315002441,-0.4124099016189575,0.020272638648748398,317
0.19334405660629272,-0.43381863832473755,0.009770618751645088,318
0.2306298017501831,-0.45368942618370056,-0.004492780193686485,319
0.26797711849212646,-0.47228145599365234,-0.014622554183006287,320
0.2969084084033966,-0.48824042081832886,-0.054907310754060745,321
0.3259696662425995,-0.5032625794410706,-0.09024842083454132,322
0.35975584387779236,-0.5179247260093689,-0.10281043499708176,323
0.3945081830024719,-0.5322116613388062,-0.09660264104604721,324
0.4239375591278076,-0.543335497379303,-0.1019124835729599,325
0.4537590742111206,-0.5527730584144592,-0.09634404629468918,326
0.4756207764148712,-0.5601588487625122,-0.11914075165987015,327
0.4984847605228424,-0.5669512152671814,-0.12603819370269775,328
0.5168723464012146,-0.5707861185073853,-0.13371482491493225,329
0.534058153629303,-0.5730235576629639,-0.14200007915496826,330
0.5442197322845459,-0.5741561055183411,-0.17818193137645721,331
0.5544256567955017,-0.5736423134803772,-0.19733837246894836,332
0.5644508004188538,-0.5702565908432007,-0.18529853224754333,333
0.5710996389389038,-0.562831699848175,-0.17251457273960114,334
0.5728452801704407,-0.5574690699577332,-0.200888529419899,335
0.5724799633026123,-0.5489785671234131,-0.21275557577610016,336
0.5683267116546631,-0.5411514043807983,-0.24622327089309692,337
0.5622181296348572,-0.5296151041984558,-0.24566464126110077,338
0.5523539185523987,-0.5119160413742065,-0.21142452955245972,339
0.5412350296974182,-0.4957183599472046,-0.2129979431629181,340
0.5263687968254089,-0.48060157895088196,-0.22355370223522186,341
0.5104166269302368,-0.4623408615589142,-0.2176881730556488,342
0.49119842052459717,-0.43901780247688293,-0.19018487632274628,343
0.4695180356502533,-0.4151345491409302,-0.16420042514801025,344
0.4491621255874634,-0.3932846188545227,-0.16324713826179504,345
0.4259408116340637,-0.3690970242023468,-0.14588823914527893,346
0.40263670682907104,-0.343252569437027,-0.12185251712799072,347
0.3820562958717346,-0.32174810767173767,-0.12836088240146637,348
0.3623245358467102,-0.2987854778766632,-0.12344465404748917,349
0.3419054448604584,-0.2752373218536377,-0.11577192693948746,350
0.32387423515319824,-0.25280091166496277,-0.10628490895032883,351
0.3074376583099365,-0.23226863145828247,-0.10956556349992752,352
0.29375341534614563,-0.21401700377464294,-0.11866863816976547,353
0.281104177236557,-0.19649004936218262,-0.1254560351371765,354
0.2690596282482147,-0.18184903264045715,-0.143025740981102,355
0.2581610083580017,-0.16757671535015106,-0.15311738848686218,356
0.24994851648807526,-0.1543581634759903,-0.17104777693748474,357
0.24114570021629333,-0.14383180439472198,-0.19724871218204498,358
0.23451118171215057,-0.13104401528835297,-0.19551920890808105,359
0.22647251188755035,-0.12047135084867477,-0.20272892713546753,360
0.2204063981771469,-0.10955244302749634,-0.20889046788215637,361
0.2133500874042511,-0.10044936090707779,-0.22263701260089874,362
0.2070927917957306,-0.09102140367031097,-0.23111692070960999,363
0.20111365616321564,-0.082606740295887,-0.24337907135486603,364
0.19473782181739807,-0.0733582079410553,-0.24078601598739624,365
0.18799620866775513,-0.06271263211965561,-0.23416046798229218,366
0.18300765752792358,-0.05358338728547096,-0.23494859039783478,367
0.17598453164100647,-0.04454535245895386,-0.22133435308933258,368
0.16933271288871765,-0.03700510784983635,-0.2341398149728775,369
0.16262505948543549,-0.03004312515258789,-0.23853537440299988,370
0.1559658944606781,-0.022268369793891907,-0.23041190207004547,371
0.14969022572040558,-0.01386522687971592,-0.21765434741973877,372
0.14222249388694763,-0.0059373402036726475,-0.21013833582401276,373
0.13584178686141968,0.0012515619164332747,-0.20290249586105347,374
0.12818174064159393,0.009183148853480816,-0.18835413455963135,375
0.12110089510679245,0.01720675453543663,-0.17280210554599762,376
0.11219030618667603,0.023689182475209236,-0.1690637320280075,377
0.10586276650428772,0.03079894371330738,-0.15564531087875366,378
0.09791192412376404,0.03726135194301605,-0.15181711316108704,379
0.09172958880662918,0.04301004484295845,-0.15210823714733124,380
0.08397513628005981,0.04884450137615204,-0.13646098971366882,381
0.0770469680428505,0.056985124945640564,-0.10335101932287216,382
0.07017648965120316,0.06280867010354996,-0.0981307104229927,383
0.0632227435708046,0.06882743537425995,-0.07911059260368347,384
0.05536166578531265,0.07456640154123306,-0.0574963353574276,385
0.048595502972602844,0.08236371725797653,-0.019176367670297623,386
0.04093616083264351,0.08840915560722351,-0.009639772586524487,387
0.033519186079502106,0.09405303001403809,0.003738545347005129,388
0.025092821568250656,0.10016561299562454,0.02052980847656727,389
0.016220707446336746,0.10302325338125229,0.004064378794282675,390
0.009426135569810867,0.1079317256808281,0.01874108612537384,391
-0.00034627682180143893,0.11231306940317154,0.03133077174425125,392
-0.0056764171458780766,0.11736586689949036,0.04979127272963524,393
-0.014087893068790436,0.11983850598335266,0.04436422511935234,394
-0.01842070370912552,0.12343636900186539,0.06078537926077843,395
-0.024336427450180054,0.12375272065401077,0.048538096249103546,396
-0.028171269223093987,0.12511031329631805,0.06881764531135559,397
-0.03248998895287514,0.12596556544303894,0.09239789843559265,398
-0.037118468433618546,0.12713651359081268,0.10598906874656677,399
-0.040212348103523254,0.1274687647819519,0.11964775621891022,400
-0.04398196190595627,0.12629137933254242,0.10182655602693558,401
-0.04655627906322479,0.1256043165922165,0.11236423254013062,402
-0.04889317974448204,0.12481828778982162,0.11389850080013275,403
-0.051202595233917236,0.12303580343723297,0.10410276800394058,404
-0.05159320682287216,0.12182258814573288,0.11746254563331604,405
-0.05190762132406235,0.11911745369434357,0.12359822541475296,406
-0.052055083215236664,0.1176556870341301,0.1466948240995407,407
-0.052921734750270844,0.11626888811588287,0.13659320771694183,408
-0.05365309864282608,0.1130623072385788,0.12941859662532806,409
-0.053742241114377975,0.11014364659786224,0.12642230093479156,410
-0.0550159253180027,0.10692577809095383,0.11999276280403137,411
-0.05376237630844116,0.1029532328248024,0.10168875753879547,412
-0.055287931114435196,0.09821604192256927,0.06691273301839828,413
-0.05296594277024269,0.09359339624643326,0.04904582351446152,414
-0.0500500462949276,0.08823158591985703,0.03801402449607849,415
-0.04586739093065262,0.08190026879310608,0.030720017850399017,416
-0.039808452129364014,0.07643412053585052,0.018944675102829933,417
-0.03501113876700401,0.06903216242790222,-0.02482001669704914,418
-0.025667721405625343,0.06084201857447624,-0.03890064358711243,419
-0.01646951027214527,0.05317210033535957,-0.0535295307636261,420
-0.005024979822337627,0.04427103325724602,-0.055451650172472,421
0.007928232662379742,0.036383941769599915,-0.04950935021042824,422
0.020980365574359894,0.029741156846284866,-0.05002759024500847,423
0.03304781764745712,0.021805597469210625,-0.06984065473079681,424
0.04632950946688652,0.013856789097189903,-0.08648545295000076,425
0.05854251608252525,0.006516505964100361,-0.10506108403205872,426
0.07304684072732925,-0.0009223462548106909,-0.1170279011130333,427
0.08808273077011108,-0.007059640251100063,-0.11785736680030823,428
0.1021232157945633,-0.013129604049026966,-0.12244486808776855,429
0.11402838677167892,-0.019397065043449402,-0.14444027841091156,430
0.12681850790977478,-0.02451007254421711,-0.1544044017791748,431
0.13774225115776062,-0.03000333160161972,-0.17009806632995605,432
0.15179277956485748,-0.0337824821472168,-0.15601372718811035,433
0.1644766479730606,-0.036784227937459946,-0.14200632274150848,434
0.17702972888946533,-0.03893259912729263,-0.11989394575357437,435
0.1861540824174881,-0.040496669709682465,-0.1164410412311554,436
0.19449853897094727,-0.04214482381939888,-0.11540140211582184,437
0.19862352311611176,-0.04371237754821777,-0.12545384466648102,438
0.2076718509197235,-0.04410865157842636,-0.10573843866586685,439
0.21068470180034637,-0.04363066703081131,-0.09281763434410095,440
0.21556837856769562,-0.04243266209959984,-0.07931811362504959,441
0.21656236052513123,-0.03986699879169464,-0.0718100368976593,442
0.21806704998016357,-0.03974610194563866,-0.0837879404425621,443
0.21722568571567535,-0.03684898093342781,-0.07222204655408859,444
0.21596606075763702,-0.033528707921504974,-0.06315049529075623,445
0.21216344833374023,-0.02925877273082733,-0.04756025969982147,446
0.20698045194149017,-0.02391837351024151,-0.035446733236312866,447
0.20067493617534637,-0.02063649147748947,-0.05450040102005005,448
0.19369575381278992,-0.013785246759653091,-0.025376826524734497,449
0.18366733193397522,-0.0050416868180036545,0.006373905576765537,450
0.17285796999931335,0.0010867008240893483,0.012440280988812447,451
0.1617031842470169,0.0080746253952384,0.021906571462750435,452
0.15021488070487976,0.012128879316151142,0.0006999916513450444,453
0.13824449479579926,0.017119552940130234,-0.0014197948621585965,454
0.12610846757888794,0.02308489754796028,0.008053339086472988,455
0.1145831048488617,0.026937799528241158,-0.011205035261809826,456
0.10288485884666443,0.03210705146193504,-0.0021687806583940983,457
0.09271890670061111,0.03673087805509567,-0.004611074924468994,458
0.08267534524202347,0.041340284049510956,-0.0035706867929548025,459
0.0747596025466919,0.0452125184237957,0.0020999035332351923,460
0.06711646169424057,0.04841037467122078,-0.00845340546220541,461
0.060682158917188644,0.05142807960510254,0.004928268492221832,462
0.05552508309483528,0.054089147597551346,-0.002189973834902048,463
0.050145722925662994,0.05528522655367851,-0.004071095958352089,464
0.046968430280685425,0.05687153339385986,-0.009143203496932983,465
0.04180506244301796,0.058136917650699615,-0.004938728176057339,466
0.03971084579825401,0.06028112396597862,0.008374636061489582,467
0.03603319451212883,0.062202274799346924,0.023239172995090485,468
0.033497173339128494,0.06480003893375397,0.03205938637256622,469
0.03148971498012543,0.06693527847528458,0.04285353049635887,470
0.02775534801185131,0.06752648949623108,0.03197959065437317,471
0.023570753633975983,0.06836292892694473,0.02545555867254734,472
0.02103462815284729,0.06989450007677078,0.040847260504961014,473
0.015414390712976456,0.07145727425813675,0.049128104001283646,474
0.012264350429177284,0.07374844700098038,0.06864339113235474,475
0.0073678502812981606,0.07471819967031479,0.06480782479047775,476
0.0035175010561943054,0.07663854956626892,0.07916432619094849,477
-0.0008224144694395363,0.07819464057683945,0.08337058871984482,478
-0.005532926879823208,0.07916282117366791,0.09066412597894669,479
-0.01050421129912138,0.08014405518770218,0.08241395652294159,480
-0.014130293391644955,0.08074381947517395,0.07694210112094879,481
-0.018360134214162827,0.08117645978927612,0.07823608815670013,482
-0.021701738238334656,0.08189608156681061,0.08632980287075043,483
-0.025988910347223282,0.08106270432472229,0.06995803862810135,484
-0.028605492785573006,0.08049383759498596,0.08026230335235596,485
-0.0330483578145504,0.07945220172405243,0.0760149210691452,486
-0.034740496426820755,0.07900065928697586,0.08987192064523697,487
-0.038966286927461624,0.07725352793931961,0.07820049673318863,488
-0.03883371129631996,0.07658766955137253,0.08709259331226349,489
-0.04074778035283089,0.07461461424827576,0.07903247326612473,490
-0.041043490171432495,0.07101241499185562,0.05954545736312866,491
-0.03984741121530533,0.06897103786468506,0.06725716590881348,492
-0.03946519270539284,0.06610553711652756,0.051569413393735886,493
-0.03740007430315018,0.061952900141477585,0.05081095173954964,494
-0.0361003652215004,0.058388520032167435,0.05190728232264519,495
-0.03273703157901764,0.05430078133940697,0.051145289093256,496
-0.029850373044610023,0.04997705668210983,0.042466312646865845,497
-0.02609100006520748,0.04575568810105324,0.03217253088951111,498
-0.020178716629743576,0.04116689786314964,0.025621449574828148,499
-0.015956439077854156,0.03642450273036957,0.01036472711712122,500
-0.007978366687893867,0.03184567391872406,0.02287162095308304,501
-0.0029889943543821573,0.028058765456080437,0.034549530595541,502
0.004919539205729961,0.025609532371163368,0.06343601644039154,503
0.008910223841667175,0.022877726703882217,0.061793260276317596,504
0.013516545295715332,0.02033921889960766,0.05651991814374924,505
0.01573999598622322,0.017092494294047356,0.024682192131876945,506
0.019649388268589973,0.013454546220600605,0.016465596854686737,507
0.023776665329933167,0.011510462500154972,0.025027120485901833,508
0.025489429011940956,0.008031239733099937,0.007327528670430183,509
0.029269779101014137,0.006043422035872936,0.020556628704071045,510
0.03102479688823223,0.004028780851513147,0.01783020608127117,511
0.03269720822572708,0.00061319227097556,-0.01972866617143154,512
0.03672931343317032,-0.0021214575972408056,-0.020711392164230347,513
0.03943732753396034,-0.003965487238019705,-0.018709449097514153,514
0.04295206069946289,-0.00484805554151535,-0.004563985392451286,515
0.0451006218791008,-0.00562646146863699,0.0014795198803767562,516
0.04826138913631439,-0.005941727664321661,0.001112635713070631,517
0.047614485025405884,-0.007906205952167511,-0.023776788264513016,518
0.049732424318790436,-0.009640531614422798,-0.0408012829720974,519
0.048237480223178864,-0.011873484589159489,-0.06735926121473312,520
0.050715673714876175,-0.013307088986039162,-0.060137152671813965,521
0.05293908342719078,-0.01199018768966198,-0.032661620527505875,522
0.053814712911844254,-0.01240651123225689,-0.05336069315671921,523
0.05438869819045067,-0.01503284927457571,-0.09814368188381195,524
0.05550839379429817,-0.016132591292262077,-0.09150944650173187,525
0.0571310818195343,-0.014279243536293507,-0.06269317865371704,526
0.05854082480072975,-0.012651992961764336,-0.045977216213941574,527
0.059093624353408813,-0.01146347913891077,-0.05730513110756874,528
0.06090255826711655,-0.011004775762557983,-0.06817586719989777,529
0.05849127843976021,-0.010426473803818226,-0.062360379844903946,530
0.05852370336651802,-0.006643475964665413,-0.03559507429599762,531
0.05477309226989746,-0.005872800014913082,-0.048873528838157654,532
0.053579866886138916,-0.003966848365962505,-0.04951268061995506,533
0.04801655188202858,-0.0025378214195370674,-0.046207450330257416,534
0.04642917960882187,0.001789339235983789,-0.019973047077655792,535
0.04086921364068985,0.005331207532435656,-0.0007096688495948911,536
0.03841204196214676,0.010752244852483273,0.022856799885630608,537
0.030859561637043953,0.013019256293773651,0.0011058024829253554,538
0.026425175368785858,0.014371628873050213,-0.017686666920781136,539
0.018555743619799614,0.015675175935029984,-0.019558923318982124,540
0.013132842257618904,0.01971747726202011,0.005541480612009764,541
0.0059834676794707775,0.024656714871525764,0.037186477333307266,542
-0.001713378936983645,0.02914220467209816,0.05779865011572838,543
-0.008747580461204052,0.03272648900747299,0.059115417301654816,544
-0.016082119196653366,0.0358857624232769,0.06147463992238045,545
-0.02420797199010849,0.0380895659327507,0.04875697195529938,546
-0.028978519141674042,0.039709270000457764,0.03894975781440735,547
-0.03684423863887787,0.04161635786294937,0.03579450398683548,548
-0.03985539823770523,0.043616391718387604,0.04478925094008446,549
-0.04568980261683464,0.04441210627555847,0.0379764586687088,550
-0.04681383818387985,0.04604164883494377,0.05853532254695892,551
-0.05185747146606445,0.0448472835123539,0.024987520650029182,552
-0.05285609886050224,0.043457627296447754,0.016227297484874725,553
-0.05614672228693962,0.0413052923977375,-0.0035421429201960564,554
-0.054723065346479416,0.04097136855125427,0.01812577433884144,555
-0.055146221071481705,0.03963050618767738,0.018580129370093346,556
-0.05328422412276268,0.03904343396425247,0.02755364589393139,557
-0.04860441014170647,0.03764312341809273,0.03661096468567848,558
-0.04748924449086189,0.03551088273525238,0.027716420590877533,559
-0.04354015737771988,0.03329124301671982,0.030708568170666695,560
-0.042560920119285583,0.031012002378702164,0.025781899690628052,561
-0.03930528089404106,0.029430491849780083,0.03516112640500069,562
-0.03637535497546196,0.026844175532460213,0.05539488419890404,563
-0.0335184670984745,0.026664454489946365,0.0813509076833725,564
-0.03315502777695656,0.02495143748819828,0.059117596596479416,565
-0.03185001388192177,0.022248979657888412,0.040916312485933304,566
-0.03132304176688194,0.019770728424191475,0.027207020670175552,567
-0.02820860967040062,0.017483556643128395,0.01798320561647415,568
-0.02446838468313217,0.015502496622502804,0.02613830380141735,569
-0.01993510313332081,0.014213397167623043,0.03766689449548721,570
-0.019479647278785706,0.011828692629933357,0.022915227338671684,571
-0.015437460504472256,0.010142802260816097,0.02764754369854927,572
-0.013758108019828796,0.008114993572235107,0.025472356006503105,573
-0.011722208000719547,0.006630627438426018,0.018145417794585228,574
-0.008970684371888638,0.0048788138665258884,0.020197100937366486,575
-0.007775707170367241,0.003157852217555046,0.0012947224313393235,576
-0.004120033234357834,-0.0005793327582068741,-0.020169740542769432,577
-0.0013985440600663424,-0.0025657920632511377,-0.012451853603124619,578
0.0012873183004558086,-0.0043183681555092335,-0.023925049230456352,579
0.004097020253539085,-0.00871770828962326,-0.07219299674034119,580
0.009184064343571663,-0.012057258747518063,-0.07648571580648422,581
0.013209395110607147,-0.014788657426834106,-0.06755560636520386,582
0.021832600235939026,-0.014728765934705734,-0.035441990941762924,583
0.025376927107572556,-0.01673162542283535,-0.044028785079717636,584
0.031632594764232635,-0.018645526841282845,-0.050295066088438034,585
0.03307168558239937,-0.021235685795545578,-0.07519015669822693,586
0.039542436599731445,-0.022114234045147896,-0.06344963610172272,587
0.04235008358955383,-0.02389146387577057,-0.0675446167588234,588
0.047034382820129395,-0.025364253669977188,-0.07185927778482437,589
0.05054113641381264,-0.027802545577287674,-0.07575879245996475,590
0.05475315824151039,-0.028122100979089737,-0.06294015049934387,591
0.05790162831544876,-0.028708050027489662,-0.06325364857912064,592
0.059637799859046936,-0.029490839689970016,-0.0663573145866394,593
0.06300356239080429,-0.028643544763326645,-0.04875176027417183,594
0.06284485757350922,-0.029086975380778313,-0.04779607802629471,595
0.06477713584899902,-0.028749527409672737,-0.04748062044382095,596
0.06375686824321747,-0.02726110816001892,-0.041106801480054855,597
0.06426773965358734,-0.023497125133872032,-0.02181628905236721,598
0.06260839104652405,-0.0209218580275774,-0.02459217794239521,599
0.059867341071367264,-0.019783349707722664,-0.04016081988811493,600
0.05738946050405502,-0.01640479639172554,-0.019690878689289093,601
0.05256197601556778,-0.013290728442370892,-0.02502632513642311,602
0.0479704923927784,-0.009947232902050018,-0.007303586229681969,603
0.041941795498132706,-0.004806222394108772,0.012408070266246796,604
0.036020565778017044,-4.6157085307640955e-05,0.027600811794400215,605
0.02707781456410885,0.003055494511500001,0.020336132496595383,606
0.019788453355431557,0.006507680285722017,0.028628917410969734,607
0.00920909084379673,0.01014102902263403,0.035200223326683044,608
0.001845730235800147,0.014602040871977806,0.05522998794913292,609
-0.009308074600994587,0.017604153603315353,0.05531203746795654,610
-0.016483258455991745,0.021597493439912796,0.07396534085273743,611
-0.026477159932255745,0.02621524967253208,0.09303051978349686,612
-0.035097524523735046,0.030749395489692688,0.10982050001621246,613
-0.0443195104598999,0.03294721618294716,0.10427473485469818,614
-0.05063503608107567,0.036256588995456696,0.11220352351665497,615
-0.060147278010845184,0.0380452498793602,0.10436764359474182,616
-0.06505740433931351,0.03952798247337341,0.10736891627311707,617
-0.07390429079532623,0.04064365476369858,0.10718229413032532,618
-0.078213632106781,0.043161820620298386,0.12908685207366943,619
-0.0838308036327362,0.04442526772618294,0.134970024228096,620
-0.08649143576622009,0.04653390869498253,0.1476573348045349,621
-0.09150033444166183,0.04553139954805374,0.1302781105041504,622
-0.09287184476852417,0.045879919081926346,0.13308081030845642,623
-0.09555789828300476,0.044933415949344635,0.13171802461147308,624
-0.09706568717956543,0.04372825101017952,0.12790817022323608,625
-0.0971163734793663,0.04259113594889641,0.1302867978811264,626
-0.09747857600450516,0.04118786379694939,0.13576588034629822,627
-0.09735026210546494,0.04103086516261101,0.1495552510023117,628
-0.0986824631690979,0.03970910236239433,0.14337794482707977,629
-0.09858663380146027,0.03826291114091873,0.12817320227622986,630
-0.0982239693403244,0.03597183898091316,0.11604058742523193,631
-0.09644415229558945,0.03488306701183319,0.1167992576956749,632
-0.09617842733860016,0.03154332935810089,0.07997135072946548,633
-0.09433425962924957,0.02782076597213745,0.07120943814516068,634
-0.09095744788646698,0.025184107944369316,0.06628529727458954,635
-0.08672093600034714,0.020441647619009018,0.0549534410238266,636
-0.08352551609277725,0.015853354707360268,0.03995658829808235,637
-0.07736819982528687,0.01115832943469286,0.03647236526012421,638
-0.0728139653801918,0.006165910977870226,0.022820957005023956,639
-0.06464426219463348,0.0018987682415172458,0.03972683846950531,640
-0.05771162733435631,-0.0022916027810424566,0.03237726911902428,641
-0.04990043491125107,-0.006724223494529724,0.019342679530382156,642
-0.043114446103572845,-0.01127506885677576,0.009299471974372864,643
-0.03731962665915489,-0.015403385274112225,-0.0007108670542947948,644
-0.031198706477880478,-0.019556090235710144,-0.0069565726444125175,645
-0.022897494956851006,-0.022798867896199226,-0.004784801509231329,646
-0.016349846497178078,-0.02654597908258438,-0.001955077750608325,647
-0.00761985732242465,-0.027720462530851364,0.022781195119023323,648
-0.0024298960343003273,-0.02997317910194397,0.010056030005216599,649
0.0026580963749438524,-0.032773103564977646,-0.019590577110648155,650
0.006007427349686623,-0.03753698617219925,-0.062250882387161255,651
0.011663177981972694,-0.039982039481401443,-0.07018539309501648,652
0.017675815150141716,-0.042904507368803024,-0.07756008207798004,653
0.02259703353047371,-0.04492446035146713,-0.08208994567394257,654
0.02873827889561653,-0.04633922874927521,-0.07722039520740509,655
0.035544123500585556,-0.046671345829963684,-0.05094650387763977,656
0.039192017167806625,-0.0466926172375679,-0.05064811557531357,657
0.043665435165166855,-0.047461409121751785,-0.07266145944595337,658
0.04525550827383995,-0.04894315078854561,-0.08934047818183899,659
