T1,T2,T3,T4,t
0.06070271134376526,0.022293884307146072,0.08070266246795654,0.01459401473402977,0
0.09211398661136627,0.009617559611797333,0.09774625301361084,0.022949688136577606,1
0.0691886693239212,0.014212911948561668,0.07122092694044113,0.023881902918219566,2
0.08128894865512848,0.019998252391815186,0.08195009082555771,0.025936782360076904,3
0.07201416790485382,0.03791211545467377,0.06957852840423584,0.04275915026664734,4
0.09797675162553787,0.0530700758099556,0.09438484907150269,0.048750586807727814,5
0.08489806950092316,0.06896813958883286,0.08653467148542404,0.06962228566408157,6
0.09452557563781738,0.08155713975429535,0.08934370428323746,0.08209188282489777,7
0.0946633592247963,0.09701859205961227,0.09154149889945984,0.09476346522569656,8
0.10383151471614838,0.1072576567530632,0.09831920266151428,0.10468413680791855,9
0.0938287079334259,0.11861871182918549,0.09166127443313599,0.11612312495708466,10
0.1116751953959465,0.12554997205734253,0.10173328220844269,0.11861447989940643,11
0.10635706782341003,0.12625554203987122,0.10697846114635468,0.12382300198078156,12
0.10616092383861542,0.12776914238929749,0.10004382580518723,0.1271633356809616,13
0.09481760114431381,0.12936577200889587,0.09064751863479614,0.12774404883384705,14
0.09183737635612488,0.1272720843553543,0.08645162731409073,0.1262982040643692,15
0.09866780042648315,0.119710773229599,0.09535753726959229,0.11987820267677307,16
0.08466195315122604,0.1159818172454834,0.08297291398048401,0.11609292030334473,17
0.07474571466445923,0.1097012385725975,0.07233811914920807,0.10945599526166916,18
0.06808632612228394,0.10254787653684616,0.06553501635789871,0.1027284488081932,19
0.06284977495670319,0.0948626846075058,0.06259031593799591,0.09669603407382965,20
0.06587500125169754,0.0876944363117218,0.062427885830402374,0.08633078634738922,21
0.05891723185777664,0.0776926726102829,0.06290341913700104,0.08095322549343109,22
0.043517254292964935,0.07442260533571243,0.04332760348916054,0.074252650141716,23
0.049730394035577774,0.06530977785587311,0.04828060418367386,0.06392335891723633,24
0.05559338629245758,0.05477030575275421,0.05810438096523285,0.054576486349105835,25
0.03866206854581833,0.050503697246313095,0.042298369109630585,0.05430765822529793,26
0.04325922206044197,0.04185958579182625,0.04624620079994202,0.03968526050448418,27
0.0626726746559143,0.03415511175990105,0.0680195689201355,0.03272736445069313,28
0.047387734055519104,0.03544027730822563,0.04846816882491112,0.03660142049193382,29
0.05649817734956741,0.02658662013709545,0.0651007667183876,0.031000299379229546,30
0.06227891147136688,0.02481360174715519,0.07182816416025162,0.025570282712578773,31
0.05458413064479828,0.027372106909751892,0.058322180062532425,0.0318843275308609,32
0.06601989269256592,0.02870251052081585,0.07411206513643265,0.027098482474684715,33
0.08099658042192459,0.031215298920869827,0.0872734934091568,0.038404304534196854,34
0.06383360922336578,0.03454373776912689,0.06793533265590668,0.03632461279630661,35
0.0728461742401123,0.0442817285656929,0.07375140488147736,0.042037203907966614,36
0.08006715774536133,0.04885095730423927,0.08249034732580185,0.05089468136429787,37
0.09393181651830673,0.05531635880470276,0.09646633267402649,0.05449944734573364,38
0.0798661932349205,0.0615476593375206,0.07817009836435318,0.06641433387994766,39
0.08586118370294571,0.06674547493457794,0.08692080527544022,0.06704708933830261,40
0.08291296660900116,0.07499372959136963,0.07879675924777985,0.07444140315055847,41
0.0794449895620346,0.07723531126976013,0.07766745984554291,0.08199536800384521,42
0.07867543399333954,0.08451847732067108,0.07371347397565842,0.08112621307373047,43
0.04845805838704109,0.09590931981801987,0.03992171585559845,0.09491369873285294,44
0.08037532866001129,0.09822720289230347,0.07610515505075455,0.09251676499843597,45
0.08148474991321564,0.09783811867237091,0.07922594249248505,0.09879113733768463,46
0.08441414684057236,0.10059237480163574,0.07982911914587021,0.09859170019626617,47
0.06257250905036926,0.10243551433086395,0.05856960639357567,0.10143081843852997,48
0.06628303229808807,0.10194432735443115,0.061507098376750946,0.09909476339817047,49
0.05979204177856445,0.10044823586940765,0.05538758262991905,0.10115714371204376,50
0.049298182129859924,0.09266088902950287,0.04783940315246582,0.09588956832885742,51
0.062580905854702,0.08839023113250732,0.05908946692943573,0.0827818363904953,52
0.05029065161943436,0.08835430443286896,0.04701439291238785,0.08780467510223389,53
0.0479644313454628,0.07828574627637863,0.04786377400159836,0.08627227693796158,54
0.0397525317966938,0.06682122498750687,0.03940342366695404,0.06414418667554855,55
0.06697113811969757,0.058042243123054504,0.06911297887563705,0.05835732817649841,56
0.0465744324028492,0.05746222659945488,0.04917081072926521,0.0576229952275753,57
0.05667698755860329,0.0504053458571434,0.059951141476631165,0.04985637962818146,58
0.05905185639858246,0.04726877436041832,0.06147094443440437,0.05153273418545723,59
0.05168531462550163,0.041060671210289,0.056627415120601654,0.044062539935112,60
0.040535010397434235,0.043404001742601395,0.043230943381786346,0.03759181126952171,61
0.06116979569196701,0.04353781044483185,0.06255435943603516,0.04660647362470627,62
0.05628260225057602,0.04065503925085068,0.0615801066160202,0.04204217344522476,63
0.04398036375641823,0.04331972822546959,0.045379478484392166,0.042364563792943954,64
0.07480589300394058,0.041423678398132324,0.08026471734046936,0.04460772126913071,65
0.06095889210700989,0.0432070754468441,0.06396199017763138,0.043438103049993515,66
0.06822101771831512,0.04631068557500839,0.07182887196540833,0.04364537447690964,67
0.07025600224733353,0.053725067526102066,0.07088351994752884,0.05135642737150192,68
0.07879936695098877,0.05511528253555298,0.0815630853176117,0.0545048713684082,69
0.06316762417554855,0.06215614825487137,0.061086200177669525,0.06452644616365433,70
0.07607515901327133,0.05752291902899742,0.07701364159584045,0.0628586858510971,71
0.04245886206626892,0.0634024366736412,0.04048195108771324,0.06233208626508713,72
0.07803114503622055,0.059450991451740265,0.07687685638666153,0.05979021638631821,73
0.0469735749065876,0.06920994073152542,0.04531020671129227,0.06799215823411942,74
0.06289473176002502,0.07018079608678818,0.05948198586702347,0.06752701848745346,75
0.06838551163673401,0.07057284563779831,0.06783434748649597,0.07108647376298904,76
0.06652605533599854,0.06974779814481735,0.06604813039302826,0.06839301437139511,77
0.06344529986381531,0.07302206754684448,0.062042102217674255,0.07221893966197968,78
0.06932235509157181,0.07271457463502884,0.0671331137418747,0.07407257705926895,79
0.06289450824260712,0.07353024184703827,0.06092411279678345,0.07599860429763794,80
0.059159595519304276,0.07099178433418274,0.05936088413000107,0.06903339922428131,81
0.09118010848760605,0.06788311153650284,0.09310081601142883,0.06752640753984451,82
0.0680667906999588,0.07079003751277924,0.06757962703704834,0.072124183177948,83
0.07543879002332687,0.06958723813295364,0.07590275257825851,0.06880036741495132,84
0.07803984731435776,0.07025659084320068,0.07795198261737823,0.07119753956794739,85
0.08051963150501251,0.06756971031427383,0.08220729231834412,0.06941119581460953,86
0.0679422914981842,0.07367035746574402,0.06629706174135208,0.07045099139213562,87
0.07385613769292831,0.07470221817493439,0.07149790227413177,0.07760848104953766,88
0.05143187940120697,0.07863451540470123,0.04999299347400665,0.07735945284366608,89
0.05945704132318497,0.07776730507612228,0.05731334909796715,0.07627523690462112,90
0.05305430293083191,0.07911393791437149,0.05060909688472748,0.07988999038934708,91
0.05926742032170296,0.07450063526630402,0.058545518666505814,0.07449585199356079,92
0.0668322965502739,0.07310053706169128,0.06701423227787018,0.07211852073669434,93
0.06786242872476578,0.07014194130897522,0.06717392057180405,0.07352423667907715,94
0.0641360804438591,0.06952536851167679,0.06351438164710999,0.07148484140634537,95
0.07723366469144821,0.06496675312519073,0.08181438595056534,0.06519176065921783,96
0.08537210524082184,0.0695234090089798,0.08840437233448029,0.06401817500591278,97
0.07486096024513245,0.0718812569975853,0.07533834874629974,0.07128044217824936,98
0.09439210593700409,0.07090989500284195,0.09444505721330643,0.07383302599191666,99
0.08935904502868652,0.068166084587574,0.09177660197019577,0.07154148072004318,100
0.06649399548768997,0.0752279981970787,0.0655132457613945,0.06978998333215714,101
0.08643608540296555,0.0705997571349144,0.08734732121229172,0.07420405000448227,102
0.06468656659126282,0.07909618318080902,0.06158878654241562,0.07438202202320099,103
0.07421338558197021,0.07612060755491257,0.07228641957044601,0.08008218556642532,104
0.08442115038633347,0.07077544927597046,0.08624690771102905,0.07383130490779877,105
0.06666015088558197,0.07737907022237778,0.06515110284090042,0.07288431376218796,106
0.0651436299085617,0.07810782641172409,0.06333163380622864,0.07871787995100021,107
0.06790833175182343,0.07733910530805588,0.06544312834739685,0.07871036976575851,108
0.06965450942516327,0.07611879706382751,0.06982677429914474,0.07664880156517029,109
0.06357559561729431,0.0788385272026062,0.06385646015405655,0.07489220798015594,110
0.07467235624790192,0.07578203827142715,0.07128924131393433,0.07987285405397415,111
0.06604165583848953,0.07677868008613586,0.06669588387012482,0.07675409317016602,112
0.06376061588525772,0.07563163340091705,0.0638594701886177,0.07472223043441772,113
0.07988932728767395,0.07296545058488846,0.081400066614151,0.0717238113284111,114
0.07912056893110275,0.07340138405561447,0.07837243378162384,0.07531227916479111,115
0.07063286006450653,0.07299067825078964,0.06973282992839813,0.07573390752077103,116
0.06558223068714142,0.07610750198364258,0.06609402596950531,0.07319062948226929,117
0.06194096431136131,0.0766717866063118,0.062472399324178696,0.07335346192121506,118
0.07004731893539429,0.07610916346311569,0.06713557988405228,0.07805431634187698,119
0.06544998288154602,0.0740358978509903,0.064926877617836,0.07670757174491882,120
0.0725763812661171,0.06993763148784637,0.07484343647956848,0.0694991797208786,121
0.0836498886346817,0.06852295994758606,0.08591996133327484,0.06896135210990906,122
0.05266494303941727,0.0773763433098793,0.04972049966454506,0.07344908267259598,123
0.08485341817140579,0.06896025687456131,0.08599235862493515,0.07340841740369797,124
0.07475554943084717,0.0724978893995285,0.07493928074836731,0.07022891938686371,125
0.06913895905017853,0.0738227441906929,0.06770266592502594,0.07506521791219711,126
0.07031510025262833,0.07193364202976227,0.0708804726600647,0.07259199023246765,127
0.06059255078434944,0.07751454412937164,0.05924399197101593,0.07249797880649567,128
0.0754474550485611,0.07145410031080246,0.07520993798971176,0.07566890865564346,129
0.058972761034965515,0.07098875194787979,0.057732995599508286,0.07345274835824966,130
0.06656831502914429,0.07127968221902847,0.0668189600110054,0.06937418133020401,131
0.06062880530953407,0.07220321148633957,0.06032533198595047,0.07085736840963364,132
0.06079467386007309,0.07357092946767807,0.058283254504203796,0.07368632405996323,133
0.07826090604066849,0.06899091601371765,0.08060767501592636,0.07031974196434021,134
0.06388434767723083,0.07210756093263626,0.06232776120305061,0.07167447358369827,135
0.07015993446111679,0.07228969782590866,0.06992173194885254,0.07159077376127243,136
0.07028023898601532,0.07014746963977814,0.07038550078868866,0.07304127514362335,137
0.07484644651412964,0.06844840198755264,0.07611820101737976,0.0707319900393486,138
0.060337942093610764,0.07502330094575882,0.058751679956912994,0.06890017539262772,139
0.06751515716314316,0.07235599309206009,0.06693211197853088,0.0749196782708168,140
0.08005166798830032,0.07158082723617554,0.08126810193061829,0.07158423960208893,141
0.06076832115650177,0.07534981518983841,0.05776350200176239,0.07373242825269699,142
0.0725770890712738,0.06934981793165207,0.0727434977889061,0.07690972834825516,143
0.07004102319478989,0.07135721296072006,0.07247082889080048,0.06842461973428726,144
0.0863046795129776,0.07341103255748749,0.08837322145700455,0.0706503689289093,145
0.07257617264986038,0.07589562982320786,0.06847678869962692,0.07553515583276749,146
0.052150554955005646,0.07715832442045212,0.04704812914133072,0.07865970581769943,147
0.08337992429733276,0.07141059637069702,0.09016019105911255,0.07501527667045593,148
0.06274141371250153,0.07612612843513489,0.05690678954124451,0.07150448858737946,149
0.07498496770858765,0.07635217159986496,0.07553482800722122,0.0763290748000145,150
0.07938232272863388,0.07409096509218216,0.08101823925971985,0.07851419597864151,151
0.07438518851995468,0.07474751025438309,0.0749758705496788,0.07342232018709183,152
0.0686192512512207,0.07876381278038025,0.06399165093898773,0.07435886561870575,153
0.09614120423793793,0.07584802061319351,0.10342604666948318,0.08161661773920059,154
0.08787078410387039,0.07640580087900162,0.08821343630552292,0.0763833150267601,155
0.08165699243545532,0.07861711829900742,0.07859253138303757,0.0752994492650032,156
0.07164747267961502,0.07827485352754593,0.06831473112106323,0.080080546438694,157
0.06912461668252945,0.07594940066337585,0.06871701776981354,0.07859982550144196,158
0.06385882943868637,0.07601302862167358,0.06375784426927567,0.0742897093296051,159
0.06007089465856552,0.07695585489273071,0.057216741144657135,0.07457923889160156,160
0.07747514545917511,0.07749053835868835,0.07703296095132828,0.07885214686393738,161
0.0868574008345604,0.07667401432991028,0.08936586230993271,0.08151142299175262,162
0.06704153120517731,0.07617936283349991,0.06296072155237198,0.07217975705862045,163
0.06102443486452103,0.07533689588308334,0.05847344547510147,0.07720955461263657,164
0.08293895423412323,0.07748079299926758,0.08586780726909637,0.07463237643241882,165
0.07898780703544617,0.07755013555288315,0.07566580921411514,0.08063023537397385,166
0.06636393815279007,0.07424833625555038,0.07001443207263947,0.0732172355055809,167
0.07800532877445221,0.07667654007673264,0.07477829605340958,0.07363178580999374,168
0.0824936255812645,0.07663779705762863,0.08044610917568207,0.08022286742925644,169
0.07880575954914093,0.07129638642072678,0.0838816687464714,0.07765916734933853,170
0.0662386417388916,0.06875470280647278,0.06806225329637527,0.06710551679134369,171
0.07674245536327362,0.07259470969438553,0.07592497020959854,0.07019638270139694,172
0.08200892806053162,0.0747106745839119,0.08049295097589493,0.07650042325258255,173
0.06319120526313782,0.07190451771020889,0.05570254102349281,0.07023712247610092,174
0.07111281901597977,0.07183879613876343,0.0771251916885376,0.07203453779220581,175
0.07385589182376862,0.07175438106060028,0.06926891952753067,0.07286153733730316,176
0.0645202174782753,0.06812755763530731,0.0664590373635292,0.07097727060317993,177
0.06207425147294998,0.06541217118501663,0.0623481348156929,0.06755749136209488,178
0.055301401764154434,0.06429830938577652,0.05624483898282051,0.06357511132955551,179
0.06253957748413086,0.06549080461263657,0.05769321694970131,0.05902029573917389,180
0.08156692236661911,0.06899639964103699,0.08309232443571091,0.07330630719661713,181
0.0676618441939354,0.06378499418497086,0.07075770199298859,0.06457839161157608,182
0.0686955451965332,0.06189044937491417,0.06808150559663773,0.060833629220724106,183
0.06525518000125885,0.058935679495334625,0.06277825683355331,0.062112946063280106,184
0.06371274590492249,0.057484954595565796,0.07055357098579407,0.05520618334412575,185
0.05288327485322952,0.05671631544828415,0.04793982207775116,0.06340670585632324,186
0.0703049823641777,0.05513090640306473,0.08036517351865768,0.04994896799325943,187
0.07295307517051697,0.05833347886800766,0.06650583446025848,0.0603361651301384,188
0.061449773609638214,0.055735550820827484,0.06502693146467209,0.0560416504740715,189
0.0590895339846611,0.05345115438103676,0.05701814591884613,0.05287507548928261,190
0.05603694170713425,0.05638939142227173,0.059334829449653625,0.05819068104028702,191
0.06845448911190033,0.057055480778217316,0.07058284431695938,0.05677782744169235,192
0.07763417810201645,0.059121087193489075,0.07958699017763138,0.057147666811943054,193
0.06463968008756638,0.059436921030282974,0.06377847492694855,0.0620247907936573,194
0.06739125400781631,0.06003190949559212,0.07202339172363281,0.061736349016427994,195
0.05671020597219467,0.05343441665172577,0.05279598757624626,0.05229688435792923,196
0.06790193915367126,0.06000065058469772,0.07199190557003021,0.05814715474843979,197
0.06525327265262604,0.06040525436401367,0.06327866017818451,0.060578152537345886,198
0.0784483551979065,0.06292454898357391,0.083421491086483,0.06095883250236511,199
0.07116536051034927,0.06360694020986557,0.07134135812520981,0.06824160367250443,200
0.07636792957782745,0.05985125154256821,0.08106490969657898,0.05945359915494919,201
0.05753457546234131,0.058607056736946106,0.0547073632478714,0.060810744762420654,202
0.06585495173931122,0.059558868408203125,0.06995944678783417,0.05897223949432373,203
0.05672669783234596,0.05821768194437027,0.0537305623292923,0.05966836214065552,204
0.07283134758472443,0.060501959174871445,0.07694118469953537,0.055982496589422226,205
0.06567935645580292,0.06440294533967972,0.06493600457906723,0.06937465816736221,206
0.08002272248268127,0.06225256249308586,0.08632177859544754,0.05989829823374748,207
0.08892553299665451,0.06550124287605286,0.08989576995372772,0.0659341812133789,208
0.0855225920677185,0.06663285195827484,0.09344553202390671,0.07162517309188843,209
0.06398356705904007,0.06065698340535164,0.0568222738802433,0.05920812115073204,210
0.07818009704351425,0.06355494260787964,0.08413820713758469,0.06406821310520172,211
0.08509530127048492,0.06403271853923798,0.08594514429569244,0.06528444588184357,212
0.07706823199987411,0.06305389106273651,0.07918502390384674,0.06422609090805054,213
0.05504634976387024,0.05970018729567528,0.04881817847490311,0.06341570615768433,214
0.05621527135372162,0.05841204524040222,0.057320065796375275,0.05654030293226242,215
0.07436832785606384,0.062268324196338654,0.07788669317960739,0.06193076819181442,216
0.08781624585390091,0.0646093487739563,0.0888824462890625,0.06712996959686279,217
0.0795542299747467,0.06532022356987,0.07981033623218536,0.06272540986537933,218
0.07317192107439041,0.06656872481107712,0.07355459779500961,0.07036883383989334,219
0.05991772562265396,0.06609905511140823,0.05423896759748459,0.06771176308393478,220
0.07270489633083344,0.06696475297212601,0.07248952984809875,0.06561706215143204,221
0.07365789264440536,0.06913706660270691,0.07338973879814148,0.07028491795063019,222
0.07894769310951233,0.06866095960140228,0.08131888508796692,0.07124467194080353,223
0.07923749834299088,0.07071023434400558,0.07575397938489914,0.07156113535165787,224
0.0640449970960617,0.07466090470552444,0.06118234246969223,0.0763578936457634,225
0.07565706968307495,0.07948814332485199,0.07360450178384781,0.07413013279438019,226
0.08479798585176468,0.08152227103710175,0.08885674923658371,0.08148567378520966,227
0.06674032658338547,0.08374697715044022,0.06093694642186165,0.08424080163240433,228
0.07968708872795105,0.08260313421487808,0.08195174485445023,0.08469762653112411,229
0.06343528628349304,0.0835818350315094,0.057745177298784256,0.08210118114948273,230
0.061987921595573425,0.08165866136550903,0.0634409487247467,0.08678682148456573,231
0.0630076676607132,0.08501168340444565,0.054652780294418335,0.0819765254855156,232
0.06354036182165146,0.08000117540359497,0.07069067656993866,0.08429811894893646,233
0.06751467287540436,0.08202370256185532,0.06041286140680313,0.07851152867078781,234
0.06716838479042053,0.0779067650437355,0.07400050014257431,0.08457019180059433,235
0.0658174380660057,0.07911590486764908,0.0593949519097805,0.07137381285429001,236
0.06553635001182556,0.07806570827960968,0.0709255263209343,0.08621400594711304,237
0.06034139543771744,0.07745592296123505,0.05346272885799408,0.07419748604297638,238
0.07848086953163147,0.07359573990106583,0.08408698439598083,0.07681678980588913,239
0.04216708615422249,0.07543310523033142,0.036364346742630005,0.07661357522010803,240
0.06203259527683258,0.07282362133264542,0.06778713315725327,0.07473649829626083,241
0.05760573223233223,0.07603725045919418,0.0510278157889843,0.07066891342401505,242
0.06842677295207977,0.07203931361436844,0.07745695859193802,0.07981783896684647,243
0.0752902403473854,0.0733218714594841,0.06939657032489777,0.0687415823340416,244
0.05142298340797424,0.07344848662614822,0.05174226313829422,0.08027173578739166,245
0.07583953440189362,0.07166124135255814,0.07810715585947037,0.06807971745729446,246
0.07684250921010971,0.0729217678308487,0.07921691983938217,0.07197305560112,247
0.06735692918300629,0.07600507885217667,0.06266126036643982,0.07623515278100967,248
0.08699652552604675,0.06988060474395752,0.09801333397626877,0.0734851211309433,249
0.06670504063367844,0.07457544654607773,0.056902967393398285,0.0755893811583519,250
0.06857272237539291,0.07313956320285797,0.06981533020734787,0.07442665100097656,251
0.04848121851682663,0.07374085485935211,0.04534096643328667,0.074254609644413,252
0.0730925127863884,0.07205119729042053,0.07813487201929092,0.07340303063392639,253
0.06712565571069717,0.07515857368707657,0.0585344173014164,0.07481775432825089,254
0.056172337383031845,0.07390942424535751,0.062355462461709976,0.07582578808069229,255
0.0745791420340538,0.07439696788787842,0.07186020165681839,0.06915491819381714,256
0.06317451596260071,0.07803904265165329,0.060732126235961914,0.08278132230043411,257
0.07300765812397003,0.0725349560379982,0.07973840087652206,0.07449667900800705,258
0.06427979469299316,0.07521876692771912,0.05594068020582199,0.0707886815071106,259
0.07389584183692932,0.07649891078472137,0.07686921954154968,0.08386753499507904,260
0.06235737353563309,0.0725972130894661,0.057850953191518784,0.0660136267542839,261
0.06209032982587814,0.0766911655664444,0.0622352734208107,0.08003456890583038,262
0.06596444547176361,0.0730639100074768,0.06486637890338898,0.07323279976844788,263
0.06870472431182861,0.0715046375989914,0.06697581708431244,0.06955426931381226,264
0.07860792428255081,0.06952014565467834,0.08421280235052109,0.07000464200973511,265
0.07152874022722244,0.07309450954198837,0.07072075456380844,0.08062372356653214,266
0.06737138330936432,0.0650080218911171,0.07067633420228958,0.06624353677034378,267
0.06840866804122925,0.06534857302904129,0.06746824830770493,0.06486090272665024,268
0.06575047969818115,0.065873883664608,0.06299062818288803,0.06496409326791763,269
0.05204492807388306,0.06724878400564194,0.049545615911483765,0.0704929530620575,270
0.05311999097466469,0.06223384290933609,0.053954627364873886,0.06158851832151413,271
0.05548073723912239,0.061635375022888184,0.05288369208574295,0.05996691435575485,272
0.06739682704210281,0.062182970345020294,0.06722616404294968,0.0633196160197258,273
0.06443928927183151,0.05790291354060173,0.06718944758176804,0.05477438494563103,274
0.07120851427316666,0.06233053654432297,0.07363336533308029,0.0659879520535469,275
0.0567166693508625,0.05726916342973709,0.056873612105846405,0.06077435612678528,276
0.0647367611527443,0.05264262855052948,0.06733545660972595,0.05120687186717987,277
0.07233712077140808,0.05627216398715973,0.0756225734949112,0.05714684724807739,278
0.062079355120658875,0.055403370410203934,0.060819052159786224,0.05826963856816292,279
0.05532100424170494,0.0507260300219059,0.056330759078264236,0.05000239238142967,280
0.07050932198762894,0.05577999725937843,0.07582619786262512,0.05439983680844307,281
0.06524264067411423,0.05498257279396057,0.06232483685016632,0.05681593716144562,282
0.07465675473213196,0.05890463665127754,0.08419660478830338,0.05721709504723549,283
0.07743464410305023,0.06025337427854538,0.07465966045856476,0.06296513229608536,284
0.06965671479701996,0.05738487467169762,0.07195702195167542,0.05653728172183037,285
0.06317576766014099,0.057668332010507584,0.06326224654912949,0.059251610189676285,286
0.06390148401260376,0.058385226875543594,0.06641891598701477,0.058541204780340195,287
0.08461643755435944,0.06245531514286995,0.08947878330945969,0.06021231785416603,288
0.09015495330095291,0.06689295172691345,0.092671699821949,0.06810711324214935,289
0.06565064191818237,0.06267577409744263,0.06370601803064346,0.06701438128948212,290
0.0722312182188034,0.060340795665979385,0.07531500607728958,0.05848315730690956,291
0.07979467511177063,0.06547101587057114,0.08333444595336914,0.06747061759233475,292
0.0746830627322197,0.06294532120227814,0.07411171495914459,0.06504073739051819,293
0.0676715299487114,0.06192087009549141,0.06813134253025055,0.05999419465661049,294
0.07120507955551147,0.06627219170331955,0.07280842959880829,0.06727289408445358,295
0.07769221067428589,0.06661557406187057,0.07989829778671265,0.06728632003068924,296
0.07447531074285507,0.06610336899757385,0.07474888861179352,0.06960618495941162,297
0.07272995263338089,0.06500087678432465,0.07458662986755371,0.06331315636634827,298
0.06466396898031235,0.06716263294219971,0.06417230516672134,0.07019734382629395,299
0.08648530393838882,0.06751368194818497,0.08983974903821945,0.063759945333004,300
0.08965642005205154,0.0730944573879242,0.09361961483955383,0.07564407587051392,301
0.08681467920541763,0.06964396685361862,0.08743990212678909,0.07370495051145554,302
0.06621430814266205,0.06529571115970612,0.0613086111843586,0.06749488413333893,303
0.0749860405921936,0.06646455824375153,0.07549527287483215,0.06125805899500847,304
0.08972743153572083,0.07348045706748962,0.09824986755847931,0.0750451534986496,305
0.08801688998937607,0.07154466211795807,0.08484794199466705,0.07591095566749573,306
0.07349098473787308,0.06813503056764603,0.07171570509672165,0.07089244574308395,307
0.09130261093378067,0.07057984173297882,0.09267660975456238,0.06456325948238373,308
0.10094615072011948,0.07494360953569412,0.10984779894351959,0.08214399963617325,309
0.09208798408508301,0.07092782855033875,0.08356235176324844,0.07554589211940765,310
0.07197466492652893,0.07374988496303558,0.06716825813055038,0.07315303385257721,311
0.08421345800161362,0.0768146738409996,0.08490338921546936,0.07287795096635818,312
0.06636650860309601,0.08086089789867401,0.06682340800762177,0.0847681313753128,313
0.08441735059022903,0.08208940178155899,0.07948354631662369,0.07805133610963821,314
0.08067411929368973,0.08364859968423843,0.08409473299980164,0.08927317708730698,315
0.07188189774751663,0.0871552973985672,0.06148490309715271,0.08547869324684143,316
0.06806628406047821,0.08740868419408798,0.06948696076869965,0.08339522033929825,317
0.05164821073412895,0.08731649816036224,0.05135380104184151,0.09150014817714691,318
0.06748712062835693,0.0855812132358551,0.06314458698034286,0.08280012011528015,319
0.07116684317588806,0.08352938294410706,0.07629956305027008,0.08557428419589996,320
0.05955847352743149,0.08695630729198456,0.050349555909633636,0.08806994557380676,321
0.05057705566287041,0.07973290234804153,0.05390264093875885,0.07946272939443588,322
0.06289669871330261,0.07979762554168701,0.05968383699655533,0.07819914817810059,323
0.048652973026037216,0.07771103084087372,0.05291711539030075,0.0829574465751648,324
0.06895221024751663,0.07486637681722641,0.06458447128534317,0.07072462886571884,325
0.06912177801132202,0.07360313832759857,0.0774771049618721,0.07980617880821228,326
0.0527508445084095,0.07424114644527435,0.040595509111881256,0.07036057859659195,327
0.06794223934412003,0.0691845491528511,0.08629007637500763,0.07875176519155502,328
0.06595417112112045,0.07182376831769943,0.0484345443546772,0.06381692737340927,329
0.06595266610383987,0.06869127601385117,0.07725903391838074,0.07281004637479782,330
0.07622873783111572,0.06846173107624054,0.07971198856830597,0.06984785199165344,331
0.07304364442825317,0.06950666010379791,0.07252282649278641,0.07251903414726257,332
0.043510764837265015,0.07004128396511078,0.03419996798038483,0.07034195959568024,333
0.06590797007083893,0.06721661984920502,0.07316748052835464,0.06688657402992249,334
0.05024750903248787,0.07148631662130356,0.04059627652168274,0.07009292393922806,335
0.07297303527593613,0.06630639731884003,0.08547360450029373,0.06828053295612335,336
0.06779095530509949,0.07126626372337341,0.057114146649837494,0.06692785024642944,337
0.08014298230409622,0.06916093826293945,0.09732715040445328,0.07987941801548004,338
0.06647199392318726,0.06802630424499512,0.05086519569158554,0.06396593153476715,339
0.06964237987995148,0.06618814170360565,0.08537711948156357,0.07013790309429169,340
0.06210774928331375,0.06939955055713654,0.043605051934719086,0.06896255165338516,341
0.04532116279006004,0.06812311708927155,0.05534679442644119,0.06755883991718292,342
0.06655998528003693,0.06930845975875854,0.06468018144369125,0.06769885122776031,343
0.07783529162406921,0.07113221287727356,0.07796484977006912,0.07408282160758972,344
0.07552066445350647,0.06813012808561325,0.07891778647899628,0.06672640889883041,345
0.061123862862586975,0.07194986194372177,0.05369631201028824,0.07356914132833481,346
0.050655048340559006,0.06908873468637466,0.0530225932598114,0.07028631865978241,347
0.07798495143651962,0.06661580502986908,0.08031542599201202,0.06450054049491882,348
0.0842726081609726,0.06975714862346649,0.08594198524951935,0.07112513482570648,349
0.06107845529913902,0.06972340494394302,0.059020936489105225,0.0756845697760582,350
0.0622578039765358,0.06339475512504578,0.06347743421792984,0.057841867208480835,351
0.08174104988574982,0.07002503424882889,0.08705981075763702,0.07387613505125046,352
0.06688030809164047,0.06727754324674606,0.06133866310119629,0.06885827332735062,353
0.0598105862736702,0.06496565043926239,0.060071542859077454,0.06321337819099426,354
0.06911072134971619,0.06781541556119919,0.07281342148780823,0.07161826640367508,355
0.058915309607982635,0.06449611485004425,0.05722600594162941,0.06440206617116928,356
0.05498836189508438,0.06438872963190079,0.049258917570114136,0.06157144159078598,357
0.058827854692935944,0.06713269650936127,0.06067155301570892,0.07148493826389313,358
0.06083577871322632,0.06053946912288666,0.057675570249557495,0.05598825216293335,359
0.06591659784317017,0.06677466630935669,0.07229924201965332,0.0709582269191742,360
0.0690639466047287,0.06292222440242767,0.0723484605550766,0.06461752951145172,361
0.06613434851169586,0.061363883316516876,0.0619281604886055,0.06241019815206528,362
0.037514276802539825,0.05898403003811836,0.033618345856666565,0.060255397111177444,363
0.0547502301633358,0.056339118629693985,0.05971323698759079,0.050643112510442734,364
0.07451851665973663,0.0654953122138977,0.07401208579540253,0.06819131970405579,365
0.07986574620008469,0.06280426681041718,0.08626371622085571,0.0631549209356308,366
0.07174231857061386,0.06213375926017761,0.06873135268688202,0.06438474357128143,367
0.06358852982521057,0.059199098497629166,0.067072793841362,0.05935601517558098,368
0.06436668336391449,0.060717254877090454,0.06557048112154007,0.0629967600107193,369
0.06572164595127106,0.05909235402941704,0.06856203824281693,0.059292104095220566,370
0.07384442538022995,0.06181208789348602,0.07661756128072739,0.06302967667579651,371
0.0766313225030899,0.06126335263252258,0.07521415501832962,0.06171989440917969,372
0.07539090514183044,0.06364993751049042,0.08149109035730362,0.06339597702026367,373
0.06605985760688782,0.06388780474662781,0.06053915619850159,0.06851530075073242,374
0.07004692405462265,0.06045271083712578,0.07547973096370697,0.05620948597788811,375
0.07820884883403778,0.06700944900512695,0.07639086991548538,0.06727398931980133,376
0.07446124404668808,0.06947807967662811,0.08074042946100235,0.07361505925655365,377
0.0819426029920578,0.0650155320763588,0.07902307063341141,0.06348129361867905,378
0.07323561608791351,0.06807493418455124,0.07495608180761337,0.06923616677522659,379
0.07864357531070709,0.06761934608221054,0.07803541421890259,0.06612920016050339,380
0.07263292372226715,0.07042070478200912,0.07623396813869476,0.07331071048974991,381
0.07998267561197281,0.0684652030467987,0.08113566786050797,0.06966568529605865,382
0.09031236916780472,0.06919451057910919,0.09091059118509293,0.06731221079826355,383
0.07829320430755615,0.07078857719898224,0.07626265287399292,0.07274411618709564,384
0.08296912908554077,0.07029970735311508,0.09029489010572433,0.07430929690599442,385
0.07087801396846771,0.06624627113342285,0.061132654547691345,0.06566697359085083,386
0.07743216305971146,0.06911353021860123,0.08651077747344971,0.06840532273054123,387
0.08089117705821991,0.07062863558530807,0.07515081018209457,0.0730714276432991,388
0.08641824126243591,0.07045887410640717,0.09407198429107666,0.06866149604320526,389
0.073719821870327,0.07274448871612549,0.06672869622707367,0.07835640013217926,390
0.06866176426410675,0.06827127188444138,0.07210372388362885,0.06824249774217606,391
0.0746726244688034,0.07044369727373123,0.07248469442129135,0.06986080855131149,392
0.06363443285226822,0.07367710024118423,0.05990522354841232,0.07332690805196762,393
0.07866153120994568,0.07382051646709442,0.08124089241027832,0.07306070625782013,394
0.0698782205581665,0.07548186928033829,0.06982443481683731,0.07836949080228806,395
0.07683438062667847,0.07453317940235138,0.07428111881017685,0.07431758940219879,396
0.08358877897262573,0.07380334287881851,0.08646000176668167,0.0702795460820198,397
0.06976793706417084,0.07891280204057693,0.07008436322212219,0.08636043220758438,398
0.06824982166290283,0.07556822896003723,0.0615830235183239,0.07600931823253632,399
0.07045257091522217,0.07500787079334259,0.07336625456809998,0.07027389109134674,400
0.08869390934705734,0.07818260788917542,0.09056217968463898,0.08249679207801819,401
0.06780292838811874,0.07743065059185028,0.06281475722789764,0.07668350636959076,402
0.06681514531373978,0.07753920555114746,0.07069171220064163,0.08058886229991913,403
0.05820523202419281,0.07637627422809601,0.05456595867872238,0.07741500437259674,404
0.07639221101999283,0.07727169990539551,0.07414094358682632,0.07210136950016022,405
0.07926592230796814,0.0781044065952301,0.08420438319444656,0.07912448048591614,406
0.07167073339223862,0.07869954407215118,0.0708736777305603,0.07994739711284637,407
0.07990128546953201,0.07785754650831223,0.07753988355398178,0.07931918650865555,408
0.0524512454867363,0.07699839025735855,0.05486300215125084,0.08257807046175003,409
0.06740711629390717,0.07665623724460602,0.05915899574756622,0.07103513181209564,410
0.06912996619939804,0.07536759972572327,0.082600899040699,0.08095592260360718,411
0.07659166306257248,0.07801099121570587,0.058285415172576904,0.0728432685136795,412
0.06624200940132141,0.07422369718551636,0.0783596783876419,0.07518763840198517,413
0.07749621570110321,0.07580877095460892,0.07987932860851288,0.0809556171298027,414
0.07728505879640579,0.07311391830444336,0.07924041152000427,0.07297706604003906,415
0.06154259294271469,0.07478012144565582,0.058746837079524994,0.07843020558357239,416
0.04932954162359238,0.07590121775865555,0.03680849447846413,0.07255105674266815,417
0.057950109243392944,0.0748278871178627,0.06497339904308319,0.07430104166269302,418
0.07309472560882568,0.07445746660232544,0.07563712447881699,0.07621200382709503,419
0.05577535182237625,0.07643124461174011,0.04726438596844673,0.07637405395507812,420
0.05786898359656334,0.07332642376422882,0.06571834534406662,0.07714611291885376,421
0.06729502975940704,0.07223815470933914,0.06084366515278816,0.06677388399839401,422
0.06890209019184113,0.07522538304328918,0.07230252027511597,0.08083952963352203,423
0.0561087504029274,0.07215522229671478,0.050456173717975616,0.07043057680130005,424
0.07516200095415115,0.06789543479681015,0.08636871725320816,0.06757503002882004,425
0.0686488151550293,0.07367189228534698,0.06219751387834549,0.07605791091918945,426
0.07525743544101715,0.06966009736061096,0.07658334076404572,0.0700157880783081,427
0.07068146765232086,0.06901271641254425,0.07478289306163788,0.06910233199596405,428
0.0598788820207119,0.07129034399986267,0.051090940833091736,0.0732174664735794,429
0.06732455641031265,0.06612666696310043,0.0754656121134758,0.06613428145647049,430
0.06528843194246292,0.06843503564596176,0.06308948993682861,0.07095653563737869,431
0.06869528442621231,0.064143106341362,0.06868557631969452,0.059498537331819534,432
0.06341689825057983,0.07002079486846924,0.06061496213078499,0.0733853429555893,433
0.05478838458657265,0.06564651429653168,0.05801980569958687,0.07061509788036346,434
0.047321803867816925,0.05998801440000534,0.04342846944928169,0.05851713567972183,435
0.053200699388980865,0.05980938673019409,0.051967065781354904,0.05650046467781067,436
0.05542583763599396,0.06319168210029602,0.055981479585170746,0.0657787099480629,437
0.05647299438714981,0.05876798927783966,0.05758296698331833,0.05975644290447235,438
0.06285319477319717,0.05452052503824234,0.06372643262147903,0.04982689768075943,439
0.06989313662052155,0.06578332185745239,0.07636593282222748,0.07561740279197693,440
0.05211694538593292,0.04870407655835152,0.04657485708594322,0.04352656379342079,441
0.06025150045752525,0.05796648561954498,0.06426054239273071,0.063849076628685,442
0.051692038774490356,0.04963809251785278,0.05140223354101181,0.049905188381671906,443
0.04890160635113716,0.04762858897447586,0.04662836343050003,0.04507455974817276,444
0.05583733320236206,0.05301057919859886,0.05975857377052307,0.05212320759892464,445
0.059386227279901505,0.05568057671189308,0.06148174777626991,0.05681881681084633,446
0.07157701253890991,0.054957062005996704,0.07349696755409241,0.05416598916053772,447
0.05707744508981705,0.056436359882354736,0.05843634903430939,0.058874331414699554,448
0.07621051371097565,0.056756116449832916,0.08212529122829437,0.05580573529005051,449
0.07552772015333176,0.059874940663576126,0.07742342352867126,0.062034208327531815,450
0.0760253444314003,0.05722168833017349,0.07612428814172745,0.05729452520608902,451
0.08583652973175049,0.06298638135194778,0.09417038410902023,0.062434516847133636,452
0.08547066897153854,0.06395076215267181,0.08403831720352173,0.06648360192775726,453
0.07183898240327835,0.06249183788895607,0.07358640432357788,0.0648600310087204,454
0.09036470204591751,0.06544709205627441,0.09776052087545395,0.06360554695129395,455
0.09382942318916321,0.0696411058306694,0.09297074377536774,0.07238494604825974,456
0.07456279546022415,0.0652523934841156,0.07072655856609344,0.06750422716140747,457
0.0720524936914444,0.06580639630556107,0.07668494433164597,0.0673389807343483,458
0.07001388818025589,0.06530240178108215,0.06648550927639008,0.0660657286643982,459
0.08631628751754761,0.0690077692270279,0.09100519120693207,0.06402811408042908,460
0.08619850873947144,0.07514312118291855,0.08723132312297821,0.08004467934370041,461
0.08685465157032013,0.07047894597053528,0.08390407264232635,0.0712084174156189,462
0.08182668685913086,0.07102950662374496,0.08703774213790894,0.06935087591409683,463
0.08276433497667313,0.0731784850358963,0.08162887394428253,0.07700398564338684,464
0.08575106412172318,0.07023382931947708,0.08485870808362961,0.07169773429632187,465
0.07812458276748657,0.06998614221811295,0.07655084878206253,0.0736088976264,466
0.07955372333526611,0.07049493491649628,0.07651063799858093,0.06494967639446259,467
0.08195798099040985,0.07530245929956436,0.08773930370807648,0.07714837044477463,468
0.08662265539169312,0.07572568207979202,0.08221370726823807,0.07773850113153458,469
0.07725051045417786,0.0754753053188324,0.07835961878299713,0.07388313114643097,470
0.08017515391111374,0.07807368040084839,0.07668653875589371,0.08641859889030457,471
0.08335597068071365,0.07636144012212753,0.08146395534276962,0.06966576725244522,472
0.06112029403448105,0.08148720860481262,0.06067141890525818,0.0834520161151886,473
0.07004089653491974,0.08143525570631027,0.06759588420391083,0.08152375370264053,474
0.07185601443052292,0.08179066330194473,0.07164900749921799,0.08333224803209305,475
0.0878586694598198,0.07919194549322128,0.08912137150764465,0.0752432569861412,476
0.07276878505945206,0.0842990130186081,0.0714929848909378,0.08865754306316376,477
0.08392466604709625,0.08079265058040619,0.08182927966117859,0.07950133085250854,478
0.07834823429584503,0.0807063952088356,0.08062382787466049,0.08181824535131454,479
0.0603705570101738,0.08099306374788284,0.059564460068941116,0.08528534322977066,480
0.08355770260095596,0.07957316935062408,0.08041805028915405,0.07608380913734436,481
0.06053569167852402,0.08139040321111679,0.06315279006958008,0.0865010991692543,482
0.07368642836809158,0.08101415634155273,0.06746963411569595,0.07730765640735626,483
0.05914345383644104,0.08127539604902267,0.06246567517518997,0.08354628831148148,484
0.07300275564193726,0.08030220866203308,0.07070354372262955,0.07784852385520935,485
0.07208944857120514,0.08074333518743515,0.07184474915266037,0.0823167935013771,486
0.06965524703264236,0.07831358909606934,0.07332180440425873,0.08284604549407959,487
0.06576451659202576,0.07905125617980957,0.059035688638687134,0.07743555307388306,488
0.054628804326057434,0.07923693209886551,0.05456151068210602,0.0785943791270256,489
0.04421374946832657,0.07879737764596939,0.04161115735769272,0.08064448833465576,490
0.0701250210404396,0.07422126829624176,0.07440658658742905,0.07229869067668915,491
0.04359360411763191,0.0791468471288681,0.03324407711625099,0.07898011803627014,492
0.05399887263774872,0.07410231232643127,0.06150805577635765,0.07694683969020844,493
0.060361750423908234,0.0737515464425087,0.05651167780160904,0.07078603655099869,494
0.059852149337530136,0.07350184768438339,0.06512444466352463,0.08150150626897812,495
0.05822816863656044,0.06895013153553009,0.05533764511346817,0.06769604235887527,496
0.057780198752880096,0.06975601613521576,0.05696733668446541,0.06807614117860794,497
0.05209903419017792,0.0715133547782898,0.049445584416389465,0.07131300121545792,498
0.06758217513561249,0.06834796816110611,0.06970231235027313,0.06931935995817184,499
0.06283118575811386,0.06816498190164566,0.0645291805267334,0.07097072154283524,500
0.05853744596242905,0.06564253568649292,0.05857420712709427,0.06467261165380478,501
0.05042942240834236,0.06618848443031311,0.04436604678630829,0.0699167549610138,502
0.0597786009311676,0.0598064549267292,0.06957440078258514,0.05978415533900261,503
0.05703260004520416,0.06200321391224861,0.05097281187772751,0.05933656170964241,504
0.0693960189819336,0.06203407794237137,0.07309385389089584,0.06339804083108902,505
0.07665693759918213,0.06334035843610764,0.08427150547504425,0.0702960416674614,506
0.042989470064640045,0.054977670311927795,0.03016873076558113,0.05269629508256912,507
0.048887625336647034,0.05642852187156677,0.05392991378903389,0.056672677397727966,508
0.056628163903951645,0.054753392934799194,0.052664488554000854,0.0537836030125618,509
0.06416308879852295,0.05661289393901825,0.07158651202917099,0.05762366205453873,510
0.0699000135064125,0.05580218508839607,0.06909218430519104,0.05666228383779526,511
0.05553073063492775,0.05470290407538414,0.05541123449802399,0.05706470087170601,512
0.06710538268089294,0.05162450671195984,0.07185783982276917,0.04751111567020416,513
0.07043267786502838,0.06062176823616028,0.07235732674598694,0.06485815346240997,514
0.053554315119981766,0.05491992458701134,0.0506172850728035,0.05864835903048515,515
0.06256518512964249,0.04862462729215622,0.06592851877212524,0.04282134771347046,516
0.07707902789115906,0.06127285584807396,0.08029220998287201,0.06358975172042847,517
0.0747818872332573,0.06010107696056366,0.07766642421483994,0.061891406774520874,518
0.07024884223937988,0.05613192170858383,0.0684957206249237,0.05563098564743996,519
0.07282630354166031,0.06066310033202171,0.07831230759620667,0.061221953481435776,520
0.08881065249443054,0.06311925500631332,0.09320760518312454,0.06189391389489174,521
0.07682877779006958,0.06585560739040375,0.07648759335279465,0.07014229893684387,522
0.07929819822311401,0.060948483645915985,0.08017958700656891,0.059755317866802216,523
0.06980915367603302,0.06542837619781494,0.07273347675800323,0.06942647695541382,524
0.08551568537950516,0.06314708292484283,0.08724646270275116,0.06086514890193939,525
0.07840592414140701,0.06726253777742386,0.0791010707616806,0.06825850158929825,526
0.07972493767738342,0.06910168379545212,0.0833766981959343,0.07142611593008041,527
0.07458852231502533,0.06564877927303314,0.0700048878788948,0.06468632817268372,528
0.09112992137670517,0.07270479947328568,0.1022970974445343,0.07290016859769821,529
0.08814311027526855,0.07075096666812897,0.08104842901229858,0.07649947702884674,530
0.06496421992778778,0.06505455821752548,0.06565017253160477,0.06282515078783035,531
0.07414112240076065,0.06916502118110657,0.07377225160598755,0.06827473640441895,532
0.09479185193777084,0.07403367757797241,0.10370836406946182,0.07431736588478088,533
0.0899847149848938,0.07262684404850006,0.0832662582397461,0.07862038910388947,534
0.06659723818302155,0.06582373380661011,0.06569581478834152,0.06626462936401367,535
0.07948426157236099,0.0687192901968956,0.08065751194953918,0.06440412253141403,536
0.09415123611688614,0.0745537132024765,0.10077567398548126,0.07639685273170471,537
0.07937654107809067,0.07095259428024292,0.07233425229787827,0.08116225898265839,538
0.07720431685447693,0.06861332803964615,0.07327241450548172,0.05721436068415642,539
0.07557506859302521,0.07600455731153488,0.08492203056812286,0.0781208947300911,540
0.0804901272058487,0.07684852927923203,0.07179687917232513,0.08421996980905533,541
0.061704497784376144,0.07350124418735504,0.06095733121037483,0.07174395024776459,542
0.07899954169988632,0.07542332261800766,0.07798396795988083,0.0727439746260643,543
0.08316479623317719,0.07697299122810364,0.08748254925012589,0.08016656339168549,544
0.0561525896191597,0.07993943989276886,0.04631083831191063,0.0835043340921402,545
0.04224582016468048,0.07808692753314972,0.03633025288581848,0.07118682563304901,546
0.05520833283662796,0.08013028651475906,0.062154620885849,0.08100395649671555,547
0.06860237568616867,0.07902567088603973,0.06647367775440216,0.07997310161590576,548
0.07464291155338287,0.07720095664262772,0.07488511502742767,0.07599099725484848,549
0.06082671880722046,0.07834947854280472,0.061007820069789886,0.08319398015737534,550
0.06915390491485596,0.07473842054605484,0.0646962821483612,0.07161995023488998,551
0.0636216253042221,0.07449714094400406,0.07280223816633224,0.07919854670763016,552
0.07674161344766617,0.07284878939390182,0.06908117979764938,0.07182744890451431,553
0.059391774237155914,0.07301770150661469,0.0636909082531929,0.0770353376865387,554
0.06883910298347473,0.07145030796527863,0.0673808753490448,0.06806294620037079,555
0.05748825520277023,0.0743573009967804,0.05411640554666519,0.07679769396781921,556
0.05893556773662567,0.0721372440457344,0.060074880719184875,0.07068511098623276,557
0.06471281498670578,0.07220887392759323,0.06732145696878433,0.07704324275255203,558
0.06701675057411194,0.06930559873580933,0.07019631564617157,0.06941254436969757,559
0.062393106520175934,0.07177014648914337,0.053869567811489105,0.07116271555423737,560
0.07548005133867264,0.06879483908414841,0.08331602066755295,0.06494904309511185,561
0.08641227334737778,0.07298591732978821,0.09429705142974854,0.08074860274791718,562
0.07773438096046448,0.07066164165735245,0.06742224097251892,0.07001715153455734,563
0.0628945380449295,0.07053420692682266,0.06633898615837097,0.07268626242876053,564
0.06621750444173813,0.06958826631307602,0.06556796282529831,0.07219906896352768,565
0.0892392173409462,0.06934422254562378,0.0896783098578453,0.061978310346603394,566
0.07335025817155838,0.07524657249450684,0.07967150211334229,0.08429403603076935,567
0.055536240339279175,0.07250523567199707,0.04134925454854965,0.07106077671051025,568
0.04783519729971886,0.07325806468725204,0.05300188809633255,0.0725208967924118,569
0.05390852317214012,0.07492871582508087,0.048411715775728226,0.07177698612213135,570
0.07417614758014679,0.07433504611253738,0.08141178637742996,0.0770600214600563,571
0.06653203815221786,0.07525860518217087,0.058769650757312775,0.07390589267015457,572
0.07373049855232239,0.07325787097215652,0.07649470120668411,0.07287894934415817,573
0.06038537621498108,0.07450173795223236,0.06234380230307579,0.07706208527088165,574
0.04644063487648964,0.07228074967861176,0.03953557834029198,0.07634840905666351,575
0.05546169728040695,0.06740766763687134,0.058530405163764954,0.06781883537769318,576
0.07193351536989212,0.06674323230981827,0.07253320515155792,0.06154076009988785,577
0.0658528134226799,0.07325784116983414,0.06659463047981262,0.07687041908502579,578
0.08682619035243988,0.06841456890106201,0.08987412601709366,0.06772837042808533,579
0.06910264492034912,0.07007257640361786,0.06878259032964706,0.07195670902729034,580
0.06846572458744049,0.06797685474157333,0.07259905338287354,0.07011669129133224,581
0.06264165043830872,0.06653182953596115,0.05649128928780556,0.07009708881378174,582
0.0625537782907486,0.062498368322849274,0.06676635146141052,0.0602552630007267,583
0.07831475138664246,0.06560511887073517,0.07776893675327301,0.06356772780418396,584
0.06904888153076172,0.06924621015787125,0.06849337369203568,0.07442397624254227,585
0.04911768436431885,0.062191836535930634,0.04521600902080536,0.06135614961385727,586
0.06612595170736313,0.06367794424295425,0.07366040349006653,0.06363249570131302,587
0.07352692633867264,0.06390907615423203,0.06854774057865143,0.06314518302679062,588
0.06589876860380173,0.06580604612827301,0.07247117161750793,0.06788782775402069,589
0.06511270254850388,0.06310003995895386,0.06024731323122978,0.06452444195747375,590
0.06341372430324554,0.06317910552024841,0.06886868923902512,0.06653439998626709,591
0.07110966742038727,0.059861794114112854,0.07339447736740112,0.05832138657569885,592
0.06392611563205719,0.06225571408867836,0.05854295566678047,0.06181557849049568,593
0.06055957451462746,0.06248693913221359,0.06113804504275322,0.06095279008150101,594
0.08103985339403152,0.06551917642354965,0.08790764212608337,0.06456979364156723,595
0.08302738517522812,0.06808546930551529,0.08228865265846252,0.07022128254175186,596
0.07423339784145355,0.06653665751218796,0.07436014711856842,0.06952012330293655,597
0.05596278980374336,0.06244301795959473,0.054994113743305206,0.06520173698663712,598
0.05446084588766098,0.060095980763435364,0.05533463507890701,0.06027120351791382,599
0.05015716701745987,0.057486679404973984,0.04425070062279701,0.05563909187912941,600
0.05907731503248215,0.061094142496585846,0.06559673696756363,0.05756833031773567,601
0.06108250468969345,0.06458945572376251,0.0559268482029438,0.06677722930908203,602
0.07356522977352142,0.06341150403022766,0.08246106654405594,0.06069567799568176,603
0.07653984427452087,0.06650200486183167,0.07425922155380249,0.07182106375694275,604
0.07126239687204361,0.06039748340845108,0.0758725106716156,0.060052938759326935,605
0.07617074996232986,0.06299034506082535,0.07952692359685898,0.06394418329000473,606
0.0676853358745575,0.06267332285642624,0.06794203817844391,0.06560587137937546,607
0.0775115117430687,0.061270035803318024,0.08042202144861221,0.059997133910655975,608
0.0771109014749527,0.06437667459249496,0.07812416553497314,0.06539600342512131,609
0.0672885850071907,0.06334328651428223,0.06677477806806564,0.06545829772949219,610
0.0789426639676094,0.06410180777311325,0.08266045898199081,0.06144348531961441,611
0.06968095898628235,0.0672755092382431,0.0686773955821991,0.07105161249637604,612
0.07660466432571411,0.06528022885322571,0.07991426438093185,0.06451703608036041,613
0.0785113126039505,0.06710007786750793,0.07911576330661774,0.07135522365570068,614
0.07174529135227203,0.06298787891864777,0.06889282166957855,0.06013793870806694,615
0.08201238512992859,0.06936803460121155,0.08830445259809494,0.06496062874794006,616
0.08532840758562088,0.07504482567310333,0.08573301881551743,0.08055268228054047,617
0.07360783964395523,0.06788785755634308,0.07245922088623047,0.07134956121444702,618
0.07359940558671951,0.06534329056739807,0.0714959129691124,0.06321489810943604,619
0.06145613268017769,0.06743079423904419,0.06487234681844711,0.07189591228961945,620
0.06170526146888733,0.06533636152744293,0.055369846522808075,0.06419544667005539,621
0.08506420999765396,0.0693754330277443,0.09301695972681046,0.06674999743700027,622
0.07545916736125946,0.07193443924188614,0.0691458210349083,0.07845906168222427,623
0.06646174192428589,0.06725041568279266,0.06678809970617294,0.0632096379995346,624
0.06655873358249664,0.07180599123239517,0.06950050592422485,0.07274187356233597,625
0.08138979971408844,0.0723702535033226,0.07838523387908936,0.07194291800260544,626
0.06511981785297394,0.07275822758674622,0.06916823983192444,0.0758114606142044,627
0.09259931743144989,0.07222160696983337,0.09030665457248688,0.06987383961677551,628
0.07988275587558746,0.0740598514676094,0.08547970652580261,0.0760333314538002,629
0.07617738842964172,0.0741920992732048,0.06991683691740036,0.07786006480455399,630
0.0693470910191536,0.07229290902614594,0.06958510726690292,0.07362131774425507,631
0.08518736064434052,0.07314169406890869,0.08530260622501373,0.06903424859046936,632
0.07960638403892517,0.07636364549398422,0.08430618792772293,0.08142120391130447,633
0.07450192421674728,0.07634108513593674,0.06633111089468002,0.07628055661916733,634
0.07350743561983109,0.07667643576860428,0.07587064057588577,0.07437864691019058,635
0.07649421691894531,0.07841376215219498,0.076774962246418,0.07982286065816879,636
0.07077290117740631,0.0781363695859909,0.07109963893890381,0.08089253306388855,637
0.07349315285682678,0.07859775424003601,0.06900258362293243,0.07894651591777802,638
0.08233720064163208,0.07688824087381363,0.08749684691429138,0.07489734143018723,639
0.07493774592876434,0.07949339598417282,0.07431880384683609,0.08461643010377884,640
0.05101015418767929,0.07984551042318344,0.04054086655378342,0.07898879051208496,641
0.08076921105384827,0.07764676958322525,0.09086264669895172,0.07423091679811478,642
0.07388345152139664,0.08196496218442917,0.06794597953557968,0.08602014929056168,643
0.059203989803791046,0.08093217015266418,0.05599517375230789,0.08075509965419769,644
0.06853994727134705,0.07967322319746017,0.07121234387159348,0.07888423651456833,645
0.06937526166439056,0.08013729006052017,0.06754475086927414,0.07808626443147659,646
0.06786498427391052,0.08021676540374756,0.07039789855480194,0.08390538394451141,647
0.0730147659778595,0.07783631235361099,0.07205276191234589,0.0772649422287941,648
0.06866635382175446,0.07884195446968079,0.06481858342885971,0.0776604413986206,649
0.0746716558933258,0.07484400272369385,0.08453439176082611,0.07811833918094635,650
0.06210080534219742,0.07802742719650269,0.050843581557273865,0.07741612195968628,651
0.06387162953615189,0.07442369312047958,0.07399645447731018,0.08096068352460861,652
0.08425619453191757,0.072038434445858,0.07622509449720383,0.06282704323530197,653
0.06407801806926727,0.07732538133859634,0.07398857921361923,0.08821273595094681,654
0.06614556163549423,0.07342331111431122,0.05579535663127899,0.06698907166719437,655
0.06827991455793381,0.07341968268156052,0.07700751721858978,0.07868535071611404,656
0.06552183628082275,0.07449488341808319,0.054243117570877075,0.07125605642795563,657
0.0789085105061531,0.0692516416311264,0.08979213237762451,0.07014350593090057,658
0.06306058913469315,0.07488942891359329,0.05867689847946167,0.07866447418928146,659
0.06954817473888397,0.07069111615419388,0.06948906928300858,0.06892991811037064,660
0.060476332902908325,0.0726502537727356,0.06258463859558105,0.07588747143745422,661
0.035773035138845444,0.07091221213340759,0.02319934219121933,0.06998904794454575,662
0.03785180673003197,0.07036004215478897,0.04121239110827446,0.07202571630477905,663
0.04838315397500992,0.06943384557962418,0.043627187609672546,0.0672566145658493,664
0.05941063538193703,0.06810369342565536,0.06209505349397659,0.06865604966878891,665
0.06760220229625702,0.06698385626077652,0.07090693712234497,0.06772921234369278,666
0.07512717694044113,0.06521282345056534,0.07675981521606445,0.06417467445135117,667
0.07248895615339279,0.06673564016819,0.0711442157626152,0.06853333115577698,668
0.061207521706819534,0.06520529836416245,0.06575943529605865,0.0688445046544075,669
0.05482702702283859,0.06062597781419754,0.04925984889268875,0.06120147556066513,670
0.05860219523310661,0.057713571935892105,0.06342364102602005,0.05522458627820015,671
0.07094606757164001,0.0628567710518837,0.07237514853477478,0.06840892881155014,672
0.05287310853600502,0.05589456856250763,0.05016399174928665,0.05824679136276245,673
0.055260881781578064,0.05316798388957977,0.05921715497970581,0.049156561493873596,674
0.07090945541858673,0.05890917032957077,0.07097751647233963,0.059424228966236115,675
0.0600266307592392,0.058077260851860046,0.05757782980799675,0.06083443760871887,676
0.0527084656059742,0.053804926574230194,0.05497203767299652,0.051586784422397614,677
0.07682011276483536,0.05857234448194504,0.08345504850149155,0.058633722364902496,678
0.061365995556116104,0.06023026257753372,0.05703204497694969,0.0651090145111084,679
0.05379572510719299,0.05323747918009758,0.05398666113615036,0.054036062210798264,680
0.05897217243909836,0.05131811648607254,0.05998455733060837,0.04768768697977066,681
0.06119389832019806,0.05892805755138397,0.06346879154443741,0.06078123301267624,682
0.06454476714134216,0.056351300328969955,0.0665779635310173,0.055445652455091476,683
0.055531229823827744,0.055267125368118286,0.05203435197472572,0.05635979771614075,684
0.059467852115631104,0.05499028414487839,0.06329650431871414,0.05334754288196564,685
0.07990330457687378,0.06212913617491722,0.08663962781429291,0.06419406831264496,686
0.09078490734100342,0.06222943216562271,0.09459098428487778,0.06194823235273361,687
0.08172526955604553,0.06369084119796753,0.08398609608411789,0.06744524836540222,688
0.08636830747127533,0.06226903200149536,0.0903438925743103,0.06201590597629547,689
0.08771711587905884,0.06627843528985977,0.09128686040639877,0.06856287270784378,690
0.08493378758430481,0.06546226143836975,0.08539464324712753,0.06781052052974701,691
0.07079315185546875,0.06355645507574081,0.06892437487840652,0.06334745138883591,692
0.06596165150403976,0.06519294530153275,0.06574627012014389,0.06616652756929398,693
0.0776149109005928,0.06674693524837494,0.07943463325500488,0.06268066167831421,694
0.09470006823539734,0.0755307748913765,0.10028615593910217,0.07644005864858627,695
0.09426601231098175,0.07477538287639618,0.09403420984745026,0.07994018495082855,696
0.08563153445720673,0.06940247863531113,0.08672534674406052,0.06916417926549911,697
0.06474476307630539,0.06858505308628082,0.060106974095106125,0.072696253657341,698
0.05605233088135719,0.06550843268632889,0.05211787670850754,0.06495890766382217,699
0.06569019705057144,0.0675627738237381,0.0661993995308876,0.06630256772041321,700
0.07729819416999817,0.07082578539848328,0.08051816374063492,0.06798195838928223,701
0.08244150131940842,0.07477051019668579,0.08251804858446121,0.0759044885635376,702
0.08067410439252853,0.07369747757911682,0.08261274546384811,0.0755762904882431,703
0.0931505635380745,0.07308148592710495,0.09232895076274872,0.0716889277100563,704
0.08094747364521027,0.07332010567188263,0.08522328734397888,0.07994022965431213,705
0.08158228546380997,0.07001867890357971,0.07446444034576416,0.06709466874599457,706
0.07553865015506744,0.0717591941356659,0.08307893574237823,0.07599201798439026,707
0.08017662912607193,0.0713447779417038,0.07256647199392319,0.07453732192516327,708
0.07504802197217941,0.07162939757108688,0.07807845622301102,0.06841317564249039,709
0.08004637062549591,0.07541503012180328,0.07829336822032928,0.07505466043949127,710
0.07618292421102524,0.07732871919870377,0.07592841237783432,0.07998926192522049,711
0.07799410074949265,0.07719633728265762,0.07704579830169678,0.07784666866064072,712
0.07159371674060822,0.07936134189367294,0.06801348924636841,0.07833587378263474,713
0.06905009597539902,0.0799410492181778,0.07094208151102066,0.08164803683757782,714
0.09149244427680969,0.07726021856069565,0.09315643459558487,0.07365547865629196,715
0.08679702132940292,0.08123952150344849,0.08705946803092957,0.08580633997917175,716
0.06807498633861542,0.08077734708786011,0.06379489600658417,0.08209407329559326,717
0.08163046091794968,0.08039526641368866,0.08212734758853912,0.0809272974729538,718
0.06172097846865654,0.0829155445098877,0.05745106190443039,0.08381423354148865,719
0.06190836429595947,0.08340814709663391,0.059090811759233475,0.08166174590587616,720
0.05789434164762497,0.08340761065483093,0.05659707263112068,0.08191521465778351,721
0.06831923872232437,0.08205371350049973,0.07030005753040314,0.08322419971227646,722
0.07029907405376434,0.08065491169691086,0.07082051038742065,0.08165764063596725,723
0.07513818889856339,0.07939617335796356,0.07412590831518173,0.07946564257144928,724
0.06558837741613388,0.07830873876810074,0.06936134397983551,0.08376827090978622,725
0.0596407912671566,0.08009618520736694,0.048788029700517654,0.07301296293735504,726
0.05568881332874298,0.07825765013694763,0.06359883397817612,0.08453357219696045,727
0.05508152395486832,0.07603335380554199,0.05181846022605896,0.0759890079498291,728
0.056150875985622406,0.0761239230632782,0.05412835627794266,0.07448756694793701,729
0.05430383235216141,0.07674062252044678,0.05269574373960495,0.08112013339996338,730
0.06405051052570343,0.07207495719194412,0.06627832353115082,0.0684974417090416,731
0.06877107918262482,0.07404737174510956,0.06774868816137314,0.07508200407028198,732
0.06944582611322403,0.07077334076166153,0.07254458218812943,0.06959608942270279,733
0.04826614260673523,0.07526470720767975,0.042176201939582825,0.08003581315279007,734
0.056939490139484406,0.06825996935367584,0.06451921164989471,0.07113170623779297,735
0.05390872433781624,0.06986288726329803,0.04554300010204315,0.06877224147319794,736
0.05153607204556465,0.06849834322929382,0.055422261357307434,0.06796762347221375,737
0.06740367412567139,0.06798937171697617,0.06599600613117218,0.06565030664205551,738
0.07633163034915924,0.0697304904460907,0.0793621614575386,0.07408775389194489,739
0.06138686090707779,0.06713715940713882,0.06077613681554794,0.06884246319532394,740
0.06272517144680023,0.06409454345703125,0.06214410066604614,0.06036510691046715,741
0.06539738178253174,0.06863684207201004,0.06609244644641876,0.07479903846979141,742
0.04905063658952713,0.06202255189418793,0.04791571944952011,0.06601609289646149,743
0.05945080518722534,0.057818882167339325,0.06374938786029816,0.05409432202577591,744
0.06485924124717712,0.06282339990139008,0.06017492711544037,0.06095092371106148,745
0.05849066004157066,0.06425871700048447,0.05748991668224335,0.06618694961071014,746
0.06214543804526329,0.061057962477207184,0.06651005893945694,0.06215505674481392,747
0.052581045776605606,0.05899333208799362,0.04709610342979431,0.057865388691425323,748
0.06826939433813095,0.05940067768096924,0.07526520639657974,0.06095746159553528,749
0.07629331946372986,0.059382930397987366,0.08005844056606293,0.06128954887390137,750
0.06510115414857864,0.057775553315877914,0.061161790043115616,0.060945309698581696,751
0.057502590119838715,0.05441730469465256,0.06117112934589386,0.05371949076652527,752
0.05274796485900879,0.05340280756354332,0.04759716987609863,0.05138612166047096,753
0.0706748366355896,0.0581282414495945,0.07626541703939438,0.05834529176354408,754
0.07140127569437027,0.05936812609434128,0.07405196875333786,0.06116107851266861,755
0.07541443407535553,0.05913286283612251,0.07758209854364395,0.06019600108265877,756
0.08321533352136612,0.060119953006505966,0.08871081471443176,0.059356387704610825,757
0.07110153883695602,0.06358225643634796,0.06835515052080154,0.06896497309207916,758
0.05308237299323082,0.05571739003062248,0.052221376448869705,0.0553252138197422,759
0.05857454612851143,0.05684572085738182,0.05796832963824272,0.0554194338619709,760
0.06655862182378769,0.06105273962020874,0.07050196081399918,0.05950278043746948,761
0.08129410445690155,0.06598606705665588,0.08350596576929092,0.06701219081878662,762
0.06559395045042038,0.06315424293279648,0.06292442977428436,0.0656050518155098,763
0.06014222279191017,0.06051255762577057,0.06160663813352585,0.058636508882045746,764
0.08146943151950836,0.06694081425666809,0.08751684427261353,0.06676633656024933,765
0.08123233169317245,0.06642668694257736,0.07926809787750244,0.06720798462629318,766
0.08236826211214066,0.06741153448820114,0.08722244948148727,0.06668592244386673,767
0.07690420001745224,0.06819875538349152,0.07572638988494873,0.0732414573431015,768
0.07983185350894928,0.06410779058933258,0.08384101837873459,0.061573103070259094,769
0.06813327223062515,0.06762336939573288,0.06762570142745972,0.07126150280237198,770
0.07944469898939133,0.0651463195681572,0.08113706111907959,0.06390257924795151,771
0.07294980436563492,0.0680207684636116,0.07553107291460037,0.07035697251558304,772
0.07371298223733902,0.06566719710826874,0.07242422550916672,0.06778089702129364,773
0.07693876326084137,0.06515855342149734,0.07828857004642487,0.06505533307790756,774
0.09048275649547577,0.06918896734714508,0.0946335420012474,0.0667969137430191,775
0.08976820111274719,0.07213038206100464,0.09028695523738861,0.07475422322750092,776
0.08717437833547592,0.06932199746370316,0.08945658802986145,0.07253272086381912,777
0.06213884428143501,0.06662420183420181,0.055387865751981735,0.06825431436300278,778
0.06901583075523376,0.06638841331005096,0.06977039575576782,0.06469385325908661,779
0.0853562206029892,0.07028702646493912,0.08895383775234222,0.06784447282552719,780
0.08395718783140182,0.07256348431110382,0.08417787402868271,0.07978972792625427,781
0.07870697975158691,0.06809520721435547,0.0783294290304184,0.06595878303050995,782
0.06720539927482605,0.07197193801403046,0.06269771605730057,0.0750388503074646,783
0.06223103404045105,0.07235299050807953,0.057874906808137894,0.07029715180397034,784
0.06262052059173584,0.0734650194644928,0.067106232047081,0.0735873132944107,785
0.08513770252466202,0.07435411214828491,0.08241114020347595,0.07239304482936859,786
0.06689955294132233,0.07596952468156815,0.07110825926065445,0.0816161260008812,787
