a_vel X,a_vel Y,a_vel Z,t
0.008213002234697342,0.07618984580039978,-0.33903560042381287,0
-0.4818015694618225,-0.9698380827903748,-0.40276268124580383,1
0.11697455495595932,-0.84708172082901,-0.7466419339179993,2
0.31540679931640625,-0.9438543319702148,-1.0473347902297974,3
0.4138716459274292,-1.108593463897705,-1.3746076822280884,4
0.7874770164489746,-1.1019004583358765,-1.5079535245895386,5
0.7980258464813232,-0.9323300719261169,-1.7566933631896973,6
0.8701906800270081,-0.8948491811752319,-1.7650785446166992,7
0.7177209258079529,-0.4416496157646179,-1.9654936790466309,8
0.48359161615371704,-0.6057202219963074,-2.0626327991485596,9
0.6022228002548218,-0.49111422896385193,-2.0042033195495605,10
0.6533839702606201,-0.17831923067569733,-1.7896190881729126,11
0.4593970477581024,0.2730166018009186,-1.804596185684204,12
0.27497604489326477,0.023784417659044266,-1.7104204893112183,13
0.350898414850235,0.5056882500648499,-1.5730799436569214,14
0.15836365520954132,0.5621477961540222,-1.5108962059020996,15
0.24467891454696655,0.7540368437767029,-1.3168725967407227,16
0.24801050126552582,0.8126906752586365,-1.1555546522140503,17
0.36617252230644226,0.7006246447563171,-1.0303230285644531,18
0.38986265659332275,0.9071599841117859,-0.8721299767494202,19
0.38050222396850586,0.9507641196250916,-0.6818180680274963,20
0.36039474606513977,0.9388357400894165,-0.4476880133152008,21
0.41441020369529724,1.1577928066253662,-0.34791338443756104,22
0.44908109307289124,0.9075782895088196,-0.31365248560905457,23
0.4232812225818634,0.8573665618896484,-0.2165384441614151,24
0.3857998847961426,0.8137038946151733,-0.140269935131073,25
0.3959345817565918,0.6619163751602173,-0.13984128832817078,26
0.25403285026550293,0.8100763559341431,-0.15860937535762787,27
0.25077247619628906,0.6939228177070618,-0.09616142511367798,28
0.22379657626152039,0.4868112802505493,-0.07322167605161667,29
0.1878608763217926,0.5674732327461243,-0.10690013319253922,30
0.14014247059822083,0.3893844485282898,-0.12799648940563202,31
0.01955946907401085,0.30564719438552856,-0.21106207370758057,32
0.029463041573762894,0.14203880727291107,-0.3508058190345764,33
-0.14772650599479675,0.03553958982229233,-0.47543424367904663,34
-0.2079109400510788,-0.19463284313678741,-0.7391740083694458,35
-0.3264673352241516,-0.2555541694164276,-0.8697084784507751,36
-0.268829345703125,-0.44805851578712463,-1.0020893812179565,37
-0.4500233232975006,-0.5508986711502075,-1.2121450901031494,38
-0.38837751746177673,-0.5545718669891357,-1.2128556966781616,39
-0.43933382630348206,-0.4736984670162201,-1.329391598701477,40
-0.5072579383850098,-0.5027914643287659,-1.4648666381835938,41
-0.35246285796165466,-0.8072606325149536,-1.6106351613998413,42
-0.36654993891716003,-0.6199433207511902,-1.567851185798645,43
-0.2880152761936188,-0.6501631140708923,-1.6883504390716553,44
-0.25760576128959656,-0.5256777405738831,-1.6009548902511597,45
-0.143350288271904,-0.4848359227180481,-1.5492655038833618,46
-0.1377364546060562,-0.25276806950569153,-1.4754846096038818,47
-0.02571508102118969,-0.10979843139648438,-1.3511719703674316,48
0.048642851412296295,-0.18071942031383514,-1.300195336341858,49
0.15169306099414825,-0.08217384666204453,-1.106468915939331,50
0.1703270673751831,-0.15656918287277222,-1.1426403522491455,51
0.18536362051963806,0.13448089361190796,-1.022564172744751,52
0.19218496978282928,0.19938451051712036,-0.8418752551078796,53
0.2596229016780853,0.3439767360687256,-0.684455156326294,54
0.4273226261138916,0.1693676859140396,-0.4789216220378876,55
0.49743419885635376,0.1939689964056015,-0.37220507860183716,56
0.48318731784820557,0.2310376912355423,-0.2607923150062561,57
0.44204139709472656,0.1701808124780655,-0.06040573865175247,58
0.38561880588531494,0.4914553761482239,0.2291286140680313,59
0.4798552691936493,0.6071212887763977,0.387697696685791,60
0.4931574761867523,0.36269935965538025,0.4169353246688843,61
0.40674108266830444,0.38779109716415405,0.554124653339386,62
0.2886678874492645,0.43511348962783813,0.5687559247016907,63
0.17035970091819763,0.48234298825263977,0.500839114189148,64
0.11803557723760605,0.18545885384082794,0.42193299531936646,65
-0.05179109051823616,0.04755664989352226,0.30809783935546875,66
-0.24817149341106415,0.049052175134420395,0.15636661648750305,67
-0.3331737220287323,0.11765942722558975,0.13225747644901276,68
-0.34452810883522034,-0.07267279177904129,0.024142839014530182,69
-0.4502675533294678,-0.18423479795455933,-0.03526172786951065,70
-0.5790435671806335,-0.1746220737695694,-0.22837942838668823,71
-0.7329750061035156,-0.08208335191011429,-0.35297730565071106,72
-0.7118346691131592,-0.12145958840847015,-0.3952811062335968,73
-0.7500500679016113,-0.41862019896507263,-0.6370547413825989,74
-0.7884920835494995,-0.42618492245674133,-0.7794535160064697,75
-0.7748796939849854,-0.4622538685798645,-0.9104205369949341,76
-0.8105698823928833,-0.6634134650230408,-1.122008204460144,77
-0.7415831685066223,-0.5849837064743042,-1.2418466806411743,78
-0.6842463612556458,-0.5248971581459045,-1.2438762187957764,79
-0.6523653864860535,-0.37688541412353516,-1.2668344974517822,80
-0.4901033937931061,-0.4243769347667694,-1.257677674293518,81
-0.46421992778778076,-0.3089989125728607,-1.256171464920044,82
-0.2547583281993866,-0.24881048500537872,-1.1294724941253662,83
-0.223521426320076,-0.19067882001399994,-1.0619677305221558,84
-0.11312273889780045,-0.12626972794532776,-1.02520751953125,85
-0.0419309176504612,-0.1294795572757721,-0.9192431569099426,86
-0.03686134144663811,-0.030589254572987556,-0.9154560565948486,87
0.10959338396787643,-0.04896176978945732,-0.7915042042732239,88
0.13900285959243774,0.09033331274986267,-0.593451976776123,89
0.22560955584049225,0.20259983837604523,-0.3819168210029602,90
0.3368845283985138,0.16278479993343353,-0.2460525929927826,91
0.41382718086242676,0.0635192021727562,-0.13177728652954102,92
0.3245266377925873,0.1949777752161026,-0.054057881236076355,93
0.3305266201496124,0.16371425986289978,0.016186190769076347,94
0.30222275853157043,0.15942329168319702,0.08594078570604324,95
0.360188752412796,0.02784082479774952,0.05119125172495842,96
0.24214720726013184,0.044145114719867706,0.12001591920852661,97
0.17433513700962067,0.37466326355934143,0.319410115480423,98
0.2212231457233429,0.279226154088974,0.2318214476108551,99
0.1670561283826828,0.18695305287837982,0.31728556752204895,100
0.15822787582874298,0.25892603397369385,0.32198432087898254,101
0.14499449729919434,0.0649057999253273,0.3606446087360382,102
0.033179014921188354,0.1416337639093399,0.32410016655921936,103
0.05653516948223114,0.07102920860052109,0.28639528155326843,104
-0.10706018656492233,0.061622053384780884,0.16758282482624054,105
-0.2237401157617569,0.0824531614780426,0.07891286164522171,106
-0.16739635169506073,0.0007590799941681325,0.03116399049758911,107
-0.21193575859069824,-0.11597488075494766,-0.06078546494245529,108
-0.29663828015327454,-0.09092214703559875,-0.15268754959106445,109
-0.3560245931148529,-0.017424270510673523,-0.22233138978481293,110
-0.2623213827610016,-0.1063353419303894,-0.256549596786499,111
-0.3138214647769928,-0.13376949727535248,-0.3088018596172333,112
-0.34992748498916626,0.04775393381714821,-0.3659910559654236,113
-0.2696141004562378,-0.08147123456001282,-0.38976868987083435,114
-0.23055332899093628,-0.12200736254453659,-0.44394779205322266,115
-0.2876569330692291,-0.2193952053785324,-0.6253081560134888,116
-0.4242255389690399,-0.06108519434928894,-0.7703073620796204,117
-0.3492181897163391,-0.02999820187687874,-0.9073560833930969,118
-0.37453946471214294,-0.2158520668745041,-1.0328830480575562,119
-0.2349034994840622,-0.07612384855747223,-0.9388065338134766,120
-0.1399618238210678,-0.09247571229934692,-0.8575341701507568,121
-0.07753261923789978,-0.0335988849401474,-0.7735874056816101,122
-0.03821564465761185,-0.18030481040477753,-0.9108134508132935,123
-0.06287047266960144,-0.14263290166854858,-0.9345427751541138,124
-0.0023630503565073013,-0.11863797903060913,-0.9103032350540161,125
0.06190711259841919,-0.05528676509857178,-0.8004238605499268,126
0.2135765105485916,-0.09370250999927521,-0.6835151314735413,127
0.25418514013290405,-0.08262060582637787,-0.5072972178459167,128
0.34093692898750305,-0.05999017879366875,-0.3965570330619812,129
0.3332366943359375,-0.12418881803750992,-0.27056899666786194,130
0.3389321267604828,0.03759871423244476,-0.09128610789775848,131
0.3540573716163635,0.1183975413441658,0.052229270339012146,132
0.4569788873195648,0.10209549963474274,0.23570504784584045,133
0.5138437151908875,0.0759243592619896,0.5241227746009827,134
0.46847936511039734,0.03700831159949303,0.4770582914352417,135
0.36522525548934937,0.06520680338144302,0.5286373496055603,136
0.30757445096969604,0.11799377202987671,0.5478835701942444,137
0.28710663318634033,0.08447608351707458,0.5744439959526062,138
0.14128296077251434,0.05603145807981491,0.4807834029197693,139
0.05446440353989601,0.09630343317985535,0.4292950928211212,140
0.07749991863965988,0.014624356292188168,0.4453098475933075,141
-0.09768576174974442,-0.0319051630795002,0.27955368161201477,142
-0.11123599112033844,0.0855177491903305,0.32585984468460083,143
-0.13426938652992249,0.19595180451869965,0.3466755747795105,144
-0.20511724054813385,-0.020796703174710274,0.12609674036502838,145
-0.28794142603874207,-0.014360455796122551,0.021035211160779,146
-0.33048543334007263,0.050286684185266495,-0.07156721502542496,147
-0.23689156770706177,-0.05966629832983017,-0.17228759825229645,148
-0.24518270790576935,-0.11369229853153229,-0.14241096377372742,149
-0.3112962245941162,0.07252661883831024,-0.1542077511548996,150
-0.316543310880661,0.04737609252333641,-0.23444072902202606,151
-0.21249260008335114,0.011085300706326962,-0.25108128786087036,152
-0.2739373445510864,-0.06262703984975815,-0.30329281091690063,153
-0.18414556980133057,-0.014015011489391327,-0.31923678517341614,154
-0.2533330023288727,-0.17794746160507202,-0.5066033601760864,155
-0.26929154992103577,-0.07506522536277771,-0.52833092212677,156
-0.3778051435947418,0.07897642254829407,-0.6402142643928528,157
-0.19398626685142517,0.0783928707242012,-0.6492975354194641,158
-0.1872512847185135,-0.058463793247938156,-0.5983890891075134,159
-0.14018362760543823,0.06248805671930313,-0.5256682634353638,160
0.037417273968458176,0.033378880470991135,-0.4721323847770691,161
0.06373456865549088,-0.25974032282829285,-0.46113479137420654,162
-0.0004955573240295053,-0.13360583782196045,-0.4683123826980591,163
-0.05372031405568123,-0.057037245482206345,-0.4980742037296295,164
0.015606945380568504,0.0410165973007679,-0.3960162103176117,165
0.003608505241572857,-0.09402691572904587,-0.4942382574081421,166
0.0894896388053894,-0.05792781710624695,-0.4294719696044922,167
0.18308860063552856,-0.07929665595293045,-0.2551872730255127,168
0.17755524814128876,-0.10770083218812943,-0.20473723113536835,169
0.18221545219421387,-0.028958765789866447,-0.08264359086751938,170
0.219582200050354,-0.003693823702633381,-0.002317475387826562,171
0.22548961639404297,0.0010280704591423273,0.1216878592967987,172
0.1937239021062851,0.023887183517217636,0.12740567326545715,173
0.15240125358104706,0.06562408059835434,0.16607025265693665,174
0.16131827235221863,0.02046562358736992,0.16898098587989807,175
0.12689918279647827,-0.12974828481674194,0.09383617341518402,176
0.10863188654184341,-0.09646714478731155,0.16157305240631104,177
0.07451799511909485,-0.008532464504241943,0.21702224016189575,178
-0.04212113097310066,0.12815546989440918,0.13300134241580963,179
0.017414238303899765,0.23289470374584198,0.17273294925689697,180
0.046464141458272934,0.0628434494137764,0.1610528528690338,181
0.025029052048921585,0.03242440149188042,0.22735419869422913,182
-0.020883481949567795,0.09252477437257767,0.2333294302225113,183
0.09684240818023682,0.14594528079032898,0.3939202129840851,184
0.06263762712478638,0.03720851615071297,0.3649002015590668,185
0.13866926729679108,-0.021245015785098076,0.3852427303791046,186
0.019535813480615616,-0.12990468740463257,0.3555236756801605,187
-0.07034672051668167,-0.020399970933794975,0.32565203309059143,188
-0.10574761778116226,0.10464777797460556,0.2852724492549896,189
-0.11704109609127045,0.14197540283203125,0.25915586948394775,190
-0.2434992641210556,0.006825972348451614,0.05406685918569565,191
-0.06024231016635895,0.13937866687774658,0.14669786393642426,192
-0.1615467369556427,-0.07792695611715317,0.024194618687033653,193
-0.22829851508140564,0.05403004214167595,-0.020475778728723526,194
-0.07756490260362625,0.1340615302324295,0.06893990933895111,195
-0.07763032615184784,0.014297024346888065,0.05948817357420921,196
-0.06358937919139862,-0.11635720729827881,-0.02859627455472946,197
-0.13908004760742188,0.010278240777552128,0.005112979561090469,198
-0.13571485877037048,-0.06749165803194046,-0.08479499071836472,199
-0.11966453492641449,-0.001686162082478404,-0.12867408990859985,200
-0.017437418922781944,0.011926060542464256,-0.007966430857777596,201
-0.04060127213597298,0.04034443572163582,0.035853538662195206,202
0.017303097993135452,-0.03559007868170738,0.042498644441366196,203
-0.10004627704620361,-0.019495494663715363,-0.03509426489472389,204
-0.018020309507846832,0.05030427500605583,-0.01022464968264103,205
-0.00714251259341836,0.044643890112638474,0.09193817526102066,206
-0.04131515696644783,0.06725958734750748,0.07486983388662338,207
0.14835143089294434,0.053383633494377136,0.19608719646930695,208
0.11804576218128204,-0.019962413236498833,0.2603739798069,209
0.05548064038157463,-0.11567263305187225,0.23953470587730408,210
-0.10779396444559097,0.09645604342222214,0.1443803757429123,211
0.05699317157268524,0.20904161036014557,0.2501795291900635,212
0.026887672021985054,-0.030467620119452477,0.1375027894973755,213
0.07144838571548462,-0.08183886110782623,0.20635081827640533,214
-0.029202377423644066,0.02124376781284809,0.19378824532032013,215
0.05443281680345535,0.06682761013507843,0.23859459161758423,216
0.18082685768604279,-1.2173099094070494e-05,0.4043007791042328,217
0.23451517522335052,-0.03278670459985733,0.5968199968338013,218
0.18135079741477966,0.10654600709676743,0.6551988124847412,219
0.08962506800889969,0.12414524704217911,0.6170080900192261,220
0.08472153544425964,0.1473851054906845,0.5863185524940491,221
0.0465988852083683,0.14720138907432556,0.5785508751869202,222
0.06876440346240997,0.06706246733665466,0.6015021204948425,223
0.07412836700677872,0.12887804210186005,0.682891845703125,224
0.11503933370113373,0.026021847501397133,0.6602360010147095,225
0.05777568370103836,-0.06670692563056946,0.5715230107307434,226
-0.058470021933317184,-0.11155105382204056,0.4325908422470093,227
-0.13500596582889557,0.028492262586951256,0.3522659242153168,228
-0.15661869943141937,-0.07390996813774109,0.23147808015346527,229
-0.05075675621628761,-0.02066364884376526,0.33619198203086853,230
-0.12502631545066833,-0.04540451988577843,0.23312030732631683,231
-0.20440568029880524,-0.016490299254655838,0.07906080037355423,232
-0.13870109617710114,0.024338601157069206,0.06445980072021484,233
-0.060759205371141434,-0.0996580570936203,0.07985381036996841,234
-0.1308528184890747,-0.024226801469922066,0.05980120599269867,235
-0.10427772998809814,0.054507724940776825,0.007711580488830805,236
-0.13883894681930542,0.023280149325728416,0.002561635570600629,237
-0.10426199436187744,-0.019097181037068367,-0.06598754972219467,238
0.004690711852163076,0.05810917168855667,0.061159152537584305,239
0.12363957613706589,-0.08086717873811722,0.17974109947681427,240
0.12628979980945587,0.07719269394874573,0.27058812975883484,241
0.17628692090511322,0.02444603107869625,0.366218239068985,242
0.1860973834991455,0.11371109634637833,0.41963768005371094,243
0.289315402507782,-0.04873521625995636,0.5455044507980347,244
0.29756179451942444,0.06539496779441833,0.7072318196296692,245
0.2979080379009247,0.18364253640174866,0.8636200428009033,246
0.24272722005844116,0.17785465717315674,0.832882821559906,247
0.04697498679161072,0.1498854011297226,0.6915570497512817,248
0.05866829305887222,0.32485371828079224,0.6822909712791443,249
0.17674313485622406,0.03328027203679085,0.6179741621017456,250
0.18194074928760529,0.05990121141076088,0.6855014562606812,251
0.08541528880596161,0.00676730927079916,0.6011923551559448,252
0.024712206795811653,-0.02908618003129959,0.5582647323608398,253
0.0009271653834730387,-0.05550578981637955,0.5109435319900513,254
0.01846081018447876,0.03677676245570183,0.5320323705673218,255
-0.0010856841690838337,0.11059322208166122,0.5367562770843506,256
-0.030379995703697205,0.09694073349237442,0.4575377404689789,257
0.1613065004348755,0.11802607774734497,0.6125240921974182,258
0.03451436385512352,0.00015276734484359622,0.5177498459815979,259
-0.030054301023483276,0.10442442446947098,0.5169497132301331,260
-0.06923454999923706,-0.16848152875900269,0.38059282302856445,261
0.05156166851520538,0.13870848715305328,0.5084518790245056,262
0.10492163896560669,0.14337128400802612,0.5883335471153259,263
0.045342475175857544,0.09864996373653412,0.5304700136184692,264
0.11023016273975372,0.16478772461414337,0.5828940868377686,265
0.1674453169107437,0.15312308073043823,0.7404701113700867,266
0.2269233614206314,0.21181297302246094,0.8342771530151367,267
0.21081611514091492,0.13828302919864655,0.8718166351318359,268
0.16016678512096405,0.1519283801317215,0.8695865869522095,269
0.14078819751739502,0.06706495583057404,0.7976903915405273,270
0.056757602840662,0.23022189736366272,0.8236218094825745,271
0.12962868809700012,0.2616998553276062,0.7982401847839355,272
0.22340179979801178,0.2297178953886032,0.8137911558151245,273
0.20991668105125427,0.08020200580358505,0.9448841214179993,274
0.0238321665674448,0.23555809259414673,0.8866034746170044,275
0.05505172163248062,0.42471036314964294,0.8501678109169006,276
0.06155320629477501,0.2517201900482178,0.8386715054512024,277
0.09177326411008835,0.15303392708301544,0.822303056716919,278
0.10585582256317139,-0.02095700241625309,0.8258113265037537,279
-0.0584174320101738,0.19607838988304138,0.7645304799079895,280
-0.12097679823637009,-0.08077636361122131,0.6229426264762878,281
0.04401027038693428,-0.05571247264742851,0.6145731806755066,282
-0.09010566025972366,0.08214545994997025,0.6253237128257751,283
-0.06507959216833115,0.17154820263385773,0.5858436226844788,284
-0.1223669946193695,0.019767655059695244,0.49500033259391785,285
0.02544202283024788,0.03661539405584335,0.49973806738853455,286
0.06236978992819786,-0.04486268013715744,0.5982632637023926,287
-0.18900129199028015,-0.08533753454685211,0.49671489000320435,288
-0.03747565671801567,0.1936853677034378,0.4896891117095947,289
-0.1407429575920105,-0.14510740339756012,0.4184240400791168,290
0.07888666540384293,0.2769540846347809,0.4608882665634155,291
0.10827381163835526,-0.20006163418293,0.541163980960846,292
-0.07015162706375122,0.41000738739967346,0.5791850686073303,293
-0.12321203202009201,-0.0013246802845969796,0.5162646770477295,294
0.16326254606246948,0.2836412787437439,0.5736002922058105,295
-0.027164313942193985,-0.13472703099250793,0.5458763837814331,296
-0.18616892397403717,0.2152612805366516,0.49252021312713623,297
-0.08540856838226318,0.14882901310920715,0.4114533066749573,298
-0.04323882237076759,0.04151766002178192,0.42800918221473694,299
-0.0270609799772501,0.11955280601978302,0.4778163731098175,300
0.07369586825370789,0.11254063248634338,0.5986393690109253,301
-0.10661633312702179,-0.09138175845146179,0.5545668005943298,302
0.07222367078065872,0.26591530442237854,0.5262672901153564,303
-0.04581956937909126,-0.21887506544589996,0.418768972158432,304
-0.17054972052574158,-0.05232922360301018,0.3381084203720093,305
0.08482469618320465,-0.05858206748962402,0.32315704226493835,306
-0.2743094265460968,-0.21037724614143372,0.2564809024333954,307
-0.08311351388692856,-0.3255373239517212,0.1786491870880127,308
-0.373806357383728,-0.056983888149261475,0.08246314525604248,309
-0.26068198680877686,-0.46263039112091064,-0.029338514432311058,310
-0.09078633040189743,-0.34411928057670593,-0.1382533758878708,311
-0.1201549768447876,-0.4362765848636627,-0.17773525416851044,312
-0.13183662295341492,-0.4269215762615204,-0.24049127101898193,313
-0.25804582238197327,-0.08087415993213654,-0.2652435004711151,314
-0.30525028705596924,-0.371182918548584,-0.3438928425312042,315
-0.36020150780677795,-0.35854336619377136,-0.5183681845664978,316
-0.033955615013837814,-0.6655502915382385,-0.577148973941803,317
-0.1899034082889557,-0.19921904802322388,-0.6793462038040161,318
0.02150997892022133,-0.5980575084686279,-0.6307220458984375,319
-0.17723584175109863,-0.08772677183151245,-0.7096787691116333,320
0.002644843887537718,-0.674048662185669,-0.6095249652862549,321
-0.016048872843384743,0.24136079847812653,-0.5315905809402466,322
0.0287389624863863,-0.16549503803253174,-0.3466396629810333,323
-0.022187739610671997,0.20458653569221497,-0.3982878625392914,324
-0.008676537312567234,-0.2457297295331955,-0.37139376997947693,325
0.04959694296121597,0.07220984250307083,-0.3419686257839203,326
0.08980317413806915,0.15025798976421356,-0.29606491327285767,327
0.20796652138233185,-0.09771556407213211,-0.23732183873653412,328
0.05325443297624588,0.31978994607925415,-0.19304166734218597,329
0.23907089233398438,-0.0819486454129219,0.018133260309696198,330
0.18948569893836975,0.38460421562194824,0.04026611149311066,331
0.05244297906756401,0.3134442865848541,0.06727597117424011,332
0.1438177525997162,0.175556018948555,0.2326395958662033,333
0.1440766453742981,-0.07429735362529755,0.19892725348472595,334
0.03237892687320709,0.34775859117507935,0.09684218466281891,335
-0.16793952882289886,-0.19016148149967194,-0.0344480499625206,336
0.07953289151191711,0.2724156379699707,0.0063285185024142265,337
-0.1383667141199112,-0.36111682653427124,-0.10722407698631287,338
-0.09318139404058456,-0.11860040575265884,-0.21556909382343292,339
-0.18105991184711456,-0.4465395212173462,-0.33260831236839294,340
-0.12179609388113022,-0.2732985317707062,-0.40079358220100403,341
-0.10312540084123611,-0.36637645959854126,-0.5109803080558777,342
0.10949961096048355,-0.309316486120224,-0.419411838054657,343
-0.014980963431298733,-0.0994376465678215,-0.4658830463886261,344
-0.08904661238193512,-0.19086548686027527,-0.5707641243934631,345
-0.02292073331773281,-0.04790201038122177,-0.5840356945991516,346
-0.03761276602745056,-0.26600056886672974,-0.6635790467262268,347
0.1487201303243637,-0.2806297838687897,-0.5040088891983032,348
0.04770546406507492,-0.08350029587745667,-0.5651653409004211,349
0.1446818709373474,-0.12930092215538025,-0.4337724447250366,350
0.2277127206325531,0.10925265401601791,-0.3383093476295471,351
0.1302330493927002,-0.05641523003578186,-0.29792314767837524,352
0.025088097900152206,0.3766059875488281,-0.31422993540763855,353
0.12068957090377808,-0.20048093795776367,-0.3430233895778656,354
0.1623818278312683,0.15172375738620758,-0.21924053132534027,355
0.1665487438440323,0.0367334708571434,-0.2099362313747406,356
0.03417252376675606,0.053940802812576294,-0.2436981052160263,357
0.01846923679113388,0.32016804814338684,-0.2700102627277374,358
0.22370874881744385,-0.25202545523643494,-0.163396418094635,359
0.12139491736888885,0.3533153533935547,-0.18679241836071014,360
0.3135354220867157,-0.08420763164758682,-0.043980639427900314,361
0.14070317149162292,0.4553444981575012,0.028327185660600662,362
0.29461634159088135,-0.07811861485242844,0.13731306791305542,363
0.0573110468685627,0.3725382089614868,0.06971056759357452,364
0.14106358587741852,0.3120577037334442,0.1094994843006134,365
0.2582067847251892,-0.15356586873531342,0.2771700918674469,366
-0.04094346985220909,0.30237722396850586,0.19436204433441162,367
0.09997166693210602,0.009355686604976654,0.12981818616390228,368
-0.01836647093296051,0.24339593946933746,0.09216892719268799,369
0.006312368903309107,-0.3745169937610626,0.053513046354055405,370
-0.03577044606208801,0.21818660199642181,0.055145904421806335,371
0.08237890899181366,-0.06432734429836273,0.04507391154766083,372
0.08147452771663666,0.0771280825138092,0.11633703857660294,373
-0.07212433964014053,0.36159205436706543,0.0750875398516655,374
0.027101339772343636,-0.30270203948020935,0.0936322957277298,375
-0.039068449288606644,0.12230552732944489,0.11427236348390579,376
0.03166280314326286,-0.17777839303016663,0.07595618814229965,377
-0.1480303257703781,-0.17394401133060455,-0.07191525399684906,378
-0.2089422196149826,-0.021340230479836464,-0.1611926108598709,379
-0.07965533435344696,-0.21121229231357574,-0.14173489809036255,380
-0.1654481738805771,0.012166844680905342,-0.24967266619205475,381
-0.12597112357616425,-0.3800528943538666,-0.34198063611984253,382
-0.21915680170059204,0.015454025007784367,-0.35928821563720703,383
-0.1615471988916397,-0.3996841609477997,-0.38383787870407104,384
-0.17635385692119598,-0.053056247532367706,-0.44368332624435425,385
-0.057170141488313675,-0.1507311761379242,-0.48001018166542053,386
-0.05897768586874008,-0.23795025050640106,-0.4930482506752014,387
0.0044639939442276955,-0.20780226588249207,-0.4669649302959442,388
-0.08339501917362213,0.24229562282562256,-0.4955878257751465,389
0.08558601140975952,-0.32274746894836426,-0.4081975519657135,390
0.026814153417944908,0.15618586540222168,-0.33886322379112244,391
0.1013733297586441,-0.14488360285758972,-0.24906036257743835,392
0.03570926561951637,0.06987801194190979,-0.2556140720844269,393
0.12649627029895782,-0.1317967176437378,-0.1671086698770523,394
0.07364040613174438,0.287494421005249,-0.14496581256389618,395
0.1796920746564865,-0.13689856231212616,-0.17988228797912598,396
-0.07715814560651779,0.05235714092850685,-0.26000186800956726,397
0.15281365811824799,-0.016068430617451668,-0.08305597305297852,398
-0.039709560573101044,0.27852663397789,-0.11730058491230011,399
0.0270382072776556,0.07756638526916504,-0.20014671981334686,400
0.06343824416399002,0.029683029279112816,-0.13033057749271393,401
0.037621479481458664,-0.09976756572723389,-0.12166880071163177,402
-0.03248311206698418,0.04915221035480499,-0.13174614310264587,403
0.011686337180435658,0.047419801354408264,-0.13036885857582092,404
0.0811261236667633,-0.028510363772511482,-0.23949430882930756,405
0.06073685735464096,-0.22266894578933716,-0.20095492899417877,406
0.12031647562980652,0.004785340745002031,-0.04158288612961769,407
-0.051494840532541275,0.03765195608139038,-0.06799537688493729,408
-0.020764745771884918,0.17143972218036652,-0.11883669346570969,409
-0.011879032477736473,-0.16697083413600922,-0.1472422182559967,410
-0.0819934755563736,0.2261473834514618,-0.1905830353498459,411
0.04788973927497864,-0.36938098073005676,-0.17439258098602295,412
0.12133359909057617,0.20892247557640076,-0.09198886156082153,413
0.0546712726354599,-0.21688054502010345,-0.05664918199181557,414
-0.1389283835887909,0.12911318242549896,-0.1894359439611435,415
-0.009084973484277725,-0.010333404876291752,-0.13421516120433807,416
0.0852360650897026,0.09409592300653458,-0.024203088134527206,417
0.06870207190513611,-0.0010093942983075976,0.1397300809621811,418
0.05067867785692215,0.2805634140968323,0.1214003711938858,419
0.24921368062496185,-0.05071845278143883,0.17751245200634003,420
0.036924298852682114,0.0869714692234993,0.18091519176959991,421
0.10382504016160965,0.07579339295625687,0.1707598716020584,422
0.013811941258609295,0.19666127860546112,0.2691899538040161,423
-0.025842811912298203,0.049414943903684616,0.15873120725154877,424
-0.18523149192333221,0.12888595461845398,-0.022398773580789566,425
-0.06275971233844757,-0.22698889672756195,-0.06456216424703598,426
-0.2569641172885895,0.12334632873535156,-0.12908072769641876,427
-0.10986582934856415,-0.3465055525302887,-0.1523083746433258,428
-0.1651882827281952,-0.07694386690855026,-0.19285322725772858,429
-0.08984702080488205,-0.02300207130610943,-0.18344664573669434,430
0.005541937425732613,-0.10219084471464157,-0.1144677922129631,431
-0.08851494640111923,0.030185947194695473,-0.15183623135089874,432
0.01935001276433468,-0.2358911633491516,-0.15937764942646027,433
-0.1726444661617279,0.09443502128124237,-0.23888669908046722,434
-0.10522731393575668,-0.32728391885757446,-0.3381001353263855,435
-0.163922518491745,-0.13500794768333435,-0.4548444151878357,436
-0.06259993463754654,-0.20788665115833282,-0.41359731554985046,437
-0.12647561728954315,-0.020780952647328377,-0.43648552894592285,438
0.016804596409201622,0.03693724796175957,-0.3867577016353607,439
0.01603301800787449,-0.18723754584789276,-0.38430485129356384,440
0.03481198847293854,0.20616836845874786,-0.15277022123336792,441
0.21144995093345642,-0.07333147525787354,-3.3247451938223094e-05,442
0.13127313554286957,0.2491808384656906,0.02228640578687191,443
0.16870540380477905,0.032698869705200195,0.131211057305336,444
-0.010667650029063225,0.03303217887878418,0.01704767718911171,445
0.05134330689907074,0.30072152614593506,0.05014880374073982,446
0.06646991521120071,-0.14667314291000366,0.03628353402018547,447
0.048221781849861145,0.20819976925849915,0.15870481729507446,448
0.10358735918998718,-0.03138529136776924,0.24226868152618408,449
-0.08365519344806671,0.29529035091400146,0.1200878769159317,450
0.050775326788425446,-0.054271895438432693,0.0679217204451561,451
-0.08650142699480057,-0.15341462194919586,-0.11662594228982925,452
-0.007614107336848974,-0.029256509616971016,-0.08024625480175018,453
-0.020559627562761307,-0.1538885533809662,-0.0920291319489479,454
-0.01467425562441349,-0.023121720179915428,-0.1110536977648735,455
0.09249833226203918,0.039015885442495346,-0.011793939396739006,456
0.021931614726781845,-0.12656791508197784,-0.044631510972976685,457
-0.029150718823075294,0.0407763309776783,0.0057316990569233894,458
-0.15943777561187744,0.0487566813826561,-0.18802762031555176,459
0.06772517412900925,-0.3873395621776581,-0.17109473049640656,460
-0.12073785811662674,0.11556156724691391,-0.2190815508365631,461
0.006830412894487381,-0.18311552703380585,-0.26322880387306213,462
-0.025428833439946175,-0.030818764120340347,-0.28055939078330994,463
0.05089406669139862,-0.1099676713347435,-0.22121669352054596,464
0.06826499104499817,-0.05047169327735901,-0.07465936243534088,465
0.02162860333919525,0.1386701464653015,-0.03223225101828575,466
0.11247324198484421,0.09098898619413376,0.05454719811677933,467
0.08179601281881332,0.01249735988676548,0.12865415215492249,468
0.1322576105594635,0.30223724246025085,0.18786555528640747,469
0.19230423867702484,0.16464270651340485,0.349803626537323,470
0.23959428071975708,0.3245139718055725,0.49486857652664185,471
0.05261268839240074,0.23244789242744446,0.407743901014328,472
0.0720609575510025,0.04664720967411995,0.32960572838783264,473
-0.07853993773460388,-0.014833821915090084,0.17470069229602814,474
-0.07444589585065842,0.14797644317150116,0.1356242597103119,475
-0.008308671414852142,-0.14803233742713928,0.11483043432235718,476
-0.1085193008184433,0.13060244917869568,0.04764909669756889,477
0.03556132689118385,-0.2400660663843155,0.11149957776069641,478
-0.10468951612710953,0.09365514665842056,0.08882488310337067,479
-0.047092825174331665,0.05424879491329193,0.12080938369035721,480
0.001987411640584469,-0.02771695703268051,0.07432856410741806,481
-0.04081283509731293,-0.06703761965036392,0.06786750257015228,482
-0.02100931666791439,0.07717706263065338,0.11248107254505157,483
-0.07302729785442352,0.0270308218896389,0.0889677032828331,484
0.0333043672144413,0.05228061601519585,0.2061263769865036,485
0.07382568717002869,0.050415076315402985,0.23265956342220306,486
-0.13558329641819,-0.13772593438625336,0.09849093854427338,487
-0.0016402187757194042,0.07397367805242538,0.14618019759655,488
-0.11905818432569504,-0.22603924572467804,0.033029310405254364,489
-0.09834786504507065,0.17719906568527222,0.03158128261566162,490
0.012173743918538094,-0.2946510314941406,0.10168448090553284,491
-0.10206398367881775,0.24141761660575867,0.07813293486833572,492
-0.1315554976463318,-0.28722843527793884,-0.0713234394788742,493
-0.011068076826632023,0.3681736886501312,0.08334570378065109,494
0.08944953233003616,-0.23040363192558289,0.1818145513534546,495
-0.058650463819503784,0.37996822595596313,0.13484929502010345,496
-0.10388191044330597,-0.3423058092594147,-0.01601371541619301,497
-0.20366492867469788,0.12579363584518433,-0.1450149565935135,498
-0.1087188795208931,-0.2555423378944397,-0.1936303973197937,499
-0.07516594231128693,-0.04041779041290283,-0.23204581439495087,500
0.09851551055908203,-0.2908381223678589,-0.14557042717933655,501
-0.05434626340866089,-0.08049166947603226,-0.16756291687488556,502
-0.0022985502146184444,0.07942105829715729,-0.15008105337619781,503
0.04438195377588272,-0.1757396012544632,-0.08859480172395706,504
-0.05196448042988777,0.05394383892416954,-0.15138156712055206,505
0.11084456741809845,0.05535045638680458,-0.02023250050842762,506
0.05892609432339668,-0.043965503573417664,-0.034896742552518845,507
-0.05290058255195618,0.18721553683280945,-0.1049976646900177,508
0.06011686101555824,-0.017074940726161003,-0.08203515410423279,509
0.01664578542113304,0.09037380665540695,-0.036808691918849945,510
-0.027895020321011543,-0.1033363789319992,-0.1401776373386383,511
0.014937120489776134,-0.008875206112861633,-0.08847028762102127,512
-0.05675593391060829,-0.029971551150083542,-0.10573184490203857,513
0.02497830055654049,0.12514476478099823,-0.06670519709587097,514
0.08331403881311417,0.02020801417529583,0.00696519622579217,515
0.13584397733211517,0.10514319688081741,0.07262975722551346,516
0.11599995195865631,0.060560643672943115,0.10502995550632477,517
0.026577236130833626,-0.05767962709069252,0.12370417267084122,518
-0.012106169015169144,0.15477204322814941,0.06679992377758026,519
0.12929758429527283,0.005193917080760002,0.17910775542259216,520
0.00842081569135189,0.07007602602243423,0.16236914694309235,521
0.10624111443758011,0.15689706802368164,0.2283540815114975,522
0.10897479206323624,0.033121589571237564,0.25753459334373474,523
0.06911298632621765,-0.013122490607202053,0.22556474804878235,524
-0.09399181604385376,0.03813280910253525,0.10006000101566315,525
0.05398232489824295,-0.07743234187364578,0.10236581414937973,526
0.002202737145125866,-0.01763719506561756,0.10176409035921097,527
0.023732269182801247,0.027549900114536285,0.0782405212521553,528
-0.05152079090476036,-0.16450342535972595,0.0648588016629219,529
-0.16610649228096008,0.13904383778572083,-0.07720459997653961,530
0.05280867591500282,-0.22732649743556976,0.02845393866300583,531
-0.06723581254482269,0.1173984482884407,-0.011364733800292015,532
0.02695910632610321,-0.07214425504207611,0.047334637492895126,533
-0.09596201777458191,0.12016257643699646,-0.003386392258107662,534
0.03781198337674141,-0.13601864874362946,0.10876640677452087,535
-0.019835835322737694,0.24564425647258759,0.091756671667099,536
0.11114247143268585,0.1419164091348648,0.1312045305967331,537
0.1024814024567604,-0.10958594083786011,0.17251917719841003,538
0.08580788969993591,0.12621323764324188,0.2051686942577362,539
0.09646269679069519,0.019562004134058952,0.17504586279392242,540
-0.045967988669872284,0.03788352385163307,0.171314537525177,541
-0.006792016327381134,0.1071598082780838,0.12744028866291046,542
0.042790625244379044,-0.1466033011674881,0.16785214841365814,543
0.03989793360233307,0.21195781230926514,0.25023162364959717,544
0.0351799838244915,0.11053212732076645,0.3103126585483551,545
-0.03327993303537369,0.0918414369225502,0.28201133012771606,546
0.1855260580778122,0.11270459741353989,0.43920978903770447,547
-0.09930729866027832,0.0853741243481636,0.32231777906417847,548
0.01608564890921116,0.26068219542503357,0.27112478017807007,549
0.06786300987005234,-0.1546601802110672,0.20053984224796295,550
-0.10442779213190079,0.02084067277610302,0.17831015586853027,551
0.03134159371256828,0.016965577378869057,0.21361206471920013,552
-0.056052498519420624,-0.23507024347782135,0.14710071682929993,553
-0.19861316680908203,0.23317871987819672,0.07151933759450912,554
-0.28945648670196533,-0.34418222308158875,-0.13353121280670166,555
-0.06645133346319199,0.031117619946599007,-0.10895669460296631,556
-0.04067237302660942,-0.4404662251472473,-0.08036971092224121,557
-0.26776835322380066,0.24644871056079865,-0.13120460510253906,558
0.02893764339387417,-0.5333746671676636,0.007983321323990822,559
-0.07593346387147903,0.3498339354991913,-0.03838103637099266,560
0.08634398877620697,-0.3272958993911743,-0.049462974071502686,561
-0.2155221551656723,0.049889665096998215,-0.17637448012828827,562
-0.013365301303565502,-0.09282206743955612,-0.18087008595466614,563
-0.05775544047355652,0.0383622907102108,-0.1914929747581482,564
-0.019683312624692917,-0.2583102583885193,-0.2188575565814972,565
-0.18064725399017334,-0.059350404888391495,-0.31075966358184814,566
0.11302367597818375,-0.14529293775558472,-0.24883607029914856,567
-0.05103932321071625,-0.15450353920459747,-0.2511334717273712,568
-0.10859011858701706,0.15406620502471924,-0.3057219982147217,569
0.10086820274591446,-0.22928927838802338,-0.1979026347398758,570
-0.004482687916606665,0.13235527276992798,-0.15111593902111053,571
0.13597461581230164,-0.031756483018398285,-0.0765187069773674,572
0.12841346859931946,0.053894490003585815,0.04463855177164078,573
0.17188039422035217,0.27300265431404114,0.13764093816280365,574
0.11021924018859863,0.20302118360996246,0.19004487991333008,575
0.06409172713756561,0.04433712735772133,0.11463285237550735,576
0.17194151878356934,-0.00491325045004487,0.18672773241996765,577
0.06811322271823883,0.06058444455265999,0.11308945715427399,578
0.13521094620227814,0.010426959954202175,0.12280086427927017,579
-0.09043294191360474,0.061670396476984024,0.021487124264240265,580
-0.020014680922031403,-0.06210886314511299,0.021906772628426552,581
-0.1852155476808548,0.05081185698509216,-0.1564287543296814,582
-0.10912302136421204,-0.1809835135936737,-0.24042373895645142,583
0.04665558412671089,0.07194876670837402,-0.14235447347164154,584
0.09931918233633041,-0.2086668312549591,-0.023648692294955254,585
-0.055282920598983765,0.1751571148633957,-0.11094128340482712,586
0.16080684959888458,-0.1284574419260025,0.011505150236189365,587
-0.04976143315434456,0.1001385748386383,0.016170453280210495,588
0.07465030252933502,-0.03748748451471329,0.036223214119672775,589
-0.02910350263118744,0.16946260631084442,0.03505745902657509,590
-0.008460829965770245,-0.04218795895576477,0.016480088233947754,591
0.023301586508750916,0.07172080874443054,0.07367996126413345,592
-0.008775043301284313,-0.0330352708697319,0.04895361512899399,593
0.060734666883945465,-0.024004016071558,0.1170073077082634,594
-0.07989533990621567,0.018701493740081787,0.04349041357636452,595
-0.029108475893735886,0.04223001003265381,0.0027817673981189728,596
0.077515609562397,-0.0819968581199646,-0.03664897754788399,597
-0.0551384836435318,0.22327063977718353,-0.04320070892572403,598
0.1301783174276352,-0.3290921151638031,0.016414925456047058,599
-0.09255852550268173,0.12277456372976303,-0.03988559544086456,600
0.06418262422084808,-0.13066957890987396,-0.0028381026349961758,601
-0.02718529850244522,0.11869816482067108,0.03265582025051117,602
-0.032792627811431885,-0.11681824922561646,-0.06996074318885803,603
-0.03861348330974579,-0.03606531023979187,-0.06062081828713417,604
-0.002136361552402377,-0.014872901141643524,-0.08455642312765121,605
-0.04145314171910286,-0.06895893067121506,-0.08894528448581696,606
-0.10611630231142044,-0.007415820378810167,-0.12929701805114746,607
-0.11628532409667969,-0.03680379316210747,-0.18476437032222748,608
0.047351036220788956,-0.1670783907175064,-0.09609492868185043,609
0.061554525047540665,0.10564399510622025,-0.09445767104625702,610
0.05767485871911049,-0.12290671467781067,-0.06158742308616638,611
0.04932411015033722,0.10520943254232407,-0.05454454943537712,612
0.15014807879924774,-0.09077757596969604,0.03649025782942772,613
-0.05053795129060745,0.03796139359474182,-0.033700186759233475,614
0.09729049354791641,0.052887387573719025,0.07884218543767929,615
0.030462179332971573,0.10398979485034943,0.11229601502418518,616
0.19356194138526917,0.17990776896476746,0.22985687851905823,617
-0.0012639944907277822,0.06973119080066681,0.19579342007637024,618
-0.042859919369220734,0.296265184879303,0.12861664593219757,619
-0.10204026103019714,0.07861943542957306,0.008150090463459492,620
0.08806394785642624,-0.24890458583831787,0.022564219310879707,621
-0.12525108456611633,0.03629148751497269,-0.07550062239170074,622
0.12950833141803741,-0.08046957105398178,0.04239645227789879,623
-0.04515386000275612,-0.30873215198516846,-0.04102153331041336,624
-0.2563225030899048,0.24328921735286713,-0.18519988656044006,625
-0.0008214812260121107,-0.38253939151763916,-0.1332392692565918,626
-0.058076877146959305,0.2739502787590027,-0.04202064871788025,627
0.06005813553929329,-0.269266813993454,-0.05412157624959946,628
-0.09740898013114929,0.11816433072090149,-0.11258599162101746,629
-0.058595072478055954,-0.28714999556541443,-0.1743515133857727,630
-0.09845573455095291,0.15064212679862976,-0.2428833693265915,631
-0.029739929363131523,-0.3571157157421112,-0.22206683456897736,632
0.06485684216022491,0.2771781384944916,-0.0643513947725296,633
0.05055004358291626,-0.024707531556487083,0.013997419737279415,634
0.14679215848445892,0.13283047080039978,0.21879401803016663,635
0.27575555443763733,0.11481533199548721,0.295608788728714,636
0.06906662881374359,0.2977389395236969,0.25733768939971924,637
0.23634685575962067,0.20763422548770905,0.31267544627189636,638
-0.02269853465259075,-0.049059588462114334,0.25953948497772217,639
0.03193503990769386,-0.005506422370672226,0.20239372551441193,640
-0.05721345916390419,0.0077600362710654736,0.2206684798002243,641
-0.0073779732920229435,0.39892613887786865,0.23092472553253174,642
0.10581596195697784,-0.07977288216352463,0.3391851484775543,643
-0.017754487693309784,0.08316776901483536,0.3367118537425995,644
0.0315985381603241,0.08107864856719971,0.2962896525859833,645
0.16059738397598267,0.06185079738497734,0.4387892186641693,646
-0.06822416931390762,0.15623681247234344,0.3498009145259857,647
-0.07722547650337219,-0.026261823251843452,0.237911656498909,648
-0.17689748108386993,-0.0913795679807663,0.17486757040023804,649
-0.061674535274505615,-0.0923037901520729,0.08221772313117981,650
-0.06670528650283813,-0.09479552507400513,0.1032051369547844,651
-0.18036848306655884,0.028851458802819252,0.09162980318069458,652
-0.2122659832239151,-0.13456375896930695,-0.04026513174176216,653
-0.13851609826087952,-0.1393880695104599,-0.11437826603651047,654
-0.17367517948150635,-0.25108417868614197,-0.240275040268898,655
-0.033056143671274185,-0.12483249604701996,-0.2662475109100342,656
-0.06550676375627518,-0.22971655428409576,-0.18944621086120605,657
-0.18024729192256927,-0.18842729926109314,-0.27228447794914246,658
-0.18517960608005524,-0.01246089767664671,-0.4100518524646759,659
-0.07965949922800064,-0.21639665961265564,-0.34458214044570923,660
-0.15015095472335815,-0.06543368101119995,-0.4071700870990753,661
-0.12753848731517792,-0.31803232431411743,-0.5131385922431946,662
-0.03337690606713295,-0.06832478940486908,-0.5423036813735962,663
0.014960872940719128,-0.3710310161113739,-0.4480660557746887,664
-0.06521692872047424,0.2514241933822632,-0.42771151661872864,665
0.1540186107158661,-0.20906727015972137,-0.29714927077293396,666
0.11731558293104172,0.19470281898975372,-0.217519149184227,667
0.17059460282325745,-0.05659957230091095,-0.10556704550981522,668
0.239919975399971,0.26701077818870544,0.011914760805666447,669
0.13441026210784912,0.053015533834695816,-0.004661011043936014,670
0.06851588189601898,0.12702780961990356,-0.05550949275493622,671
0.10185471922159195,0.09251626580953598,0.025817735120654106,672
0.11580343544483185,-0.09766850620508194,-0.03070491924881935,673
0.07401431351900101,0.2739722728729248,0.020879168063402176,674
0.017931582406163216,-0.09828151017427444,-0.003814314492046833,675
-0.0889023020863533,0.11799230426549911,-0.12945803999900818,676
